id,visits_last_30_days,purchase_frequency,total_spent,time_since_last_purchase,Inactive
bcfe90f4-1352-48da-8de5-3f6b91fa4cdd,22,9,743.7412555363758,7,1
3cfaf354-d52a-49e4-bdb5-7db6ffa05e2a,23,0,880.6970845132851,355,0
bf089ce5-8f41-49ba-9e37-89eb6964a976,30,4,478.9205222125724,251,0
65bcdda6-9f91-442a-a095-0edbf29e656c,9,10,752.5212767451764,287,1
7c242dbc-a78e-4d3b-9a5f-66b877e2f749,7,2,248.8446531400803,202,1
1c8403d8-3a3f-4463-b24b-ff6179873413,14,5,615.4590173420916,80,0
3b978956-da50-47ae-964d-bd1ad3342715,7,3,538.7346353375842,52,1
caa34245-7a85-402c-8678-fd283bc561ee,21,3,297.4342437758375,206,0
02227176-4086-458c-98c7-02095253c8a9,17,8,292.8864845295226,235,1
38edc209-78eb-4cc3-bd8e-6e43e131778f,9,1,885.7399014334167,237,1
3e58b4f7-36d7-47f8-814a-2b8007970773,8,6,83.76715016653658,287,0
515721bc-f9f8-41c1-88a9-e874962b51c2,25,0,565.0570842420739,299,0
c4316569-dcb3-4518-8354-1d815b0546ca,7,5,972.4226324779266,335,0
2c66aa5a-06e6-4451-b006-78b587bf6bf4,19,5,349.85970719827066,111,0
3cba606d-a4c3-4480-9de3-694ea6747c4e,16,7,326.92816769664137,107,0
1d553d96-5e12-4065-9311-edebffda1aa9,27,2,138.48884009052142,290,0
585c07fd-db69-41ad-9fee-b0c262e775d9,2,3,255.20009650586027,0,1
407b4e1c-ea7b-4498-b040-edf19f3bcd6e,7,1,896.7801972419876,268,1
d9da3ff1-82c0-497e-99a2-d15c03931a8e,11,5,227.1604956224831,283,0
bf10532e-a9fe-4efd-abff-676af6becd0c,0,3,814.8585302165061,220,0
989ea64b-e407-4e0a-9782-2cd1368370a2,24,0,473.23055409795325,348,1
b7590790-6a35-490a-9a4b-4916d9e24e8a,5,5,196.08249258386147,284,0
9be51333-ce12-488d-9fa2-73734de92ca3,4,1,418.2963125788423,136,1
d75c7458-1b04-459e-9236-cb294a79c14f,16,5,470.6164086919283,175,0
97635fa5-ae96-46f9-aa91-e0430f059489,13,4,93.88889866991212,21,0
d15e61e1-9e4e-44c4-ad94-9be3e31ce915,17,8,739.8658988639475,92,1
a29f9a86-228e-4bd5-a60b-b5484e8d55d5,9,9,206.07039226584035,185,0
f4a15c86-abf3-4d16-bcf3-1f1d3acd0ad7,19,6,429.86284396214904,207,1
bb6b7c10-f54d-4258-bcc7-4b47aaee09b3,1,3,628.1849995090803,317,0
f2e50ce0-ac0d-477e-ae15-5594c5e3f964,5,0,549.688754068138,275,1
9a1174e3-107d-4c90-9fc5-8985545bf8e0,9,3,156.10869387324277,272,0
79af77e3-e17a-491b-be80-2c077a41cec1,20,5,933.404136022994,129,0
fdbec87f-b9c9-42f0-a55f-08728eca2e9e,30,5,452.32106522086,342,1
b0d3771a-4f8a-400e-9da0-76bffb893141,3,7,194.10775538625657,147,0
7c1f9220-a12c-4d1c-8054-966d006ceb0e,22,1,216.5850877515838,166,1
d8d263fc-7918-439a-89e1-236eb40feeb5,22,2,137.1079774601295,164,1
56c0b2ea-949b-4669-b250-95a7d26ef677,14,5,624.4521815251502,178,1
b61ef3ec-3037-4f80-b726-1b19709191d1,24,2,403.8261407252941,167,1
8cb46a24-48a6-470b-98ba-7cd090f7af62,6,4,115.09655550678622,23,0
191a0273-077c-40ea-8ca3-eeb31fbdae07,20,6,451.8078472694429,89,1
24bda09b-263f-47b7-bf2f-45e00b18f614,14,2,528.5628780632126,52,1
c1c9895a-eab3-4b45-8868-4c905bb5695e,13,9,714.6026929188207,92,0
e30a3900-38a6-4759-a5a1-bbd692d39ad2,5,2,260.36440357518876,234,1
6579618a-bedf-4c2b-8caa-0a863ab131c9,4,9,526.4014155237405,361,0
5f7c0b16-0b50-49c7-ac72-527d8c570837,5,9,643.6402707565699,63,0
cd8fe487-5f71-4ad9-b21c-41dfa685a858,10,0,685.9329017526225,59,0
69c1ada4-fbb3-4795-aeaf-dd2c5fe46928,12,2,568.9687712818485,99,1
d9f4604a-d67f-4ee9-8fc6-efe59efaa247,25,8,94.7312707264254,359,0
955f7a0c-95f5-4197-a21a-74c132ce2d07,28,3,896.3008484265229,355,1
6090209f-dce6-4865-ad14-3bf937afe3c1,1,1,826.6478041638239,191,1
b1b46f3b-7cd0-431c-8767-a0a899c6d304,26,10,339.4294530876926,314,1
a85bac48-a843-4684-8882-b31f10242b68,29,0,547.9771144814176,213,1
e6e8997b-6a67-438e-9590-aa861c315acd,23,0,845.5206974014158,311,1
2a03efd7-06e8-4d87-ad14-b832a328dea5,6,4,607.5627477745139,232,0
51021c9e-9903-4be4-bee5-7b770799c4cb,28,1,694.9220993744038,337,1
416a9b80-6fee-422c-bf37-8f33e5da586d,14,5,533.96018767248,181,1
331484e8-5bf9-4589-93a2-5050994305fe,23,7,772.2298576850271,323,1
4ac22812-52c6-49ed-a8fd-d27b3589d89a,25,6,985.2341392230966,271,0
1436c4e2-5032-457c-a896-b7469afd891d,8,6,338.3031604367087,60,1
cbe17ac8-1dc2-4d97-9714-9192b471e8e2,2,9,184.7489050923441,363,1
12b31411-d852-4cbf-90f5-d221844219fe,30,6,52.30184299816754,11,0
cd574ba6-db02-4a13-800b-e1cac8fb9e13,20,6,221.36789442695192,64,0
56a20d88-51b9-42bd-b2d7-2b742c6da0ee,26,0,230.34590458730554,160,1
6a138000-f0e9-40d1-b8e6-efd0a954ed92,16,7,728.8778526021166,95,0
0f0adada-8f31-4ebf-893b-acb49cbf8af8,10,5,871.6982888569,263,1
84bf900f-3f3e-4c05-93ed-e1c691c691ee,27,8,787.2601171034744,129,1
04909204-eeb6-4991-8087-9e7a3b9b2bb5,18,4,5.073548404266659,286,1
21c62a2f-cb48-4192-8a33-9e6fb7edf7c3,24,7,247.7911794341835,141,0
cb9a22e5-27a4-498e-9ac1-2c357e21e8f7,18,7,278.8512140185692,50,1
b840bc17-7d89-4973-9b41-a58cbeb066b4,22,1,859.2745009819619,255,0
2fac9cfc-ca39-4dfd-a7b9-2a666e3ef77b,7,4,685.9773193122338,54,0
98bea5e6-b9bb-474f-a8bf-f39c1eda6348,0,5,165.6362680248342,160,1
d5c11b1f-cc7e-4034-bbc3-4df01b1cf574,4,4,941.380042763566,359,1
86703193-10b0-4515-b4fa-908cbb23f924,12,9,847.5224246283831,85,1
051965ab-cbb8-4857-961e-63e0f0d867a0,5,1,382.4627572430348,304,0
44809029-331a-4d90-aad3-21554cd8a20d,16,1,128.81558184793806,56,1
59994efd-9fd4-48a0-94d3-3c356965cc96,1,10,462.83069348285386,103,1
bc4146d9-5b83-4488-a223-9c8416495773,11,1,396.76273719455577,282,1
fc354ce4-f3a2-44a8-9c35-ce19eaaac6c6,18,4,77.49040397921603,285,1
4e1ed089-22e6-487b-86d7-4f969023503b,22,4,409.20978320919164,304,1
e962e1f2-ff29-4809-a053-733d6edc503e,30,1,415.93154296272337,226,0
4a23a077-2c62-448d-b6e4-df03ed9ddd7e,23,3,914.3294401086513,318,0
fa3d8a80-f06b-4738-8fa3-d07a3340ddc5,13,10,167.13184981669139,279,0
6a206edd-c56d-472c-abb4-ea350d1e85a1,26,7,794.6760474393174,192,1
8bf70007-2f55-46c9-b850-356590cc6b7f,11,10,182.46666025920143,265,1
6d01c7ac-aa93-4a44-9433-8382b6a92ab0,28,7,70.66953030844026,192,0
fc4e9a05-23d5-4968-8439-d62b3c9aee45,22,6,581.7456984889892,129,1
97b498f8-5ca9-4323-afa5-b61cf985fce6,6,10,436.0236981863096,226,1
22b71669-cc0e-4385-aaff-2186960a158d,9,9,950.7923233716141,322,1
50f5f98e-0a54-44a2-a32c-2b16a7b829e0,2,6,409.3194868331417,339,1
59035665-e408-46a0-88d8-a0fbbcc83417,3,0,673.2490324167054,264,0
1d667c7f-71db-45bc-96b0-9f861c26bfbf,22,2,964.3230770533038,141,0
062f2cce-7a50-48e9-9e60-40bf80f2461e,1,3,295.0575321808362,170,1
85e722f0-a1a8-41e3-a15b-735b1e78096f,25,9,269.49920291054474,250,1
3a355b9b-f5fe-4854-af89-82b2831c12c1,24,10,636.5016101371642,318,0
c6c50107-c587-4026-9a8b-3dcef40934d6,13,7,630.136401345512,225,1
3e00f039-1bc6-4281-8710-1db18250d420,8,2,415.2641623548861,364,1
0ad70bf0-b31b-42c3-b6f6-d27f41f104cc,28,0,737.3725962698186,329,1
7818a3fc-acf1-40a6-a6f3-be88a7bd64b4,28,6,985.8553791672634,361,0
5979fc22-3a28-4efa-88de-19751c6e199a,16,5,23.73684700320744,69,0
42588b32-93fe-4e76-b22d-2ad1ed67e956,2,8,857.6489624846783,292,1
fe132c3b-3b67-415f-8362-7fbfe53e816f,13,8,128.38493836221144,255,1
4f3398ae-10d1-4d31-8a36-c1e7d5be56a3,10,2,216.54555040955336,129,0
364f1f4e-97f5-482f-af87-e7605187a868,4,7,928.4090541517676,49,0
603598df-27fc-4422-ab1e-0b5aceee84cb,0,3,209.78279667473208,119,1
4727213b-8fa0-44ab-8c3f-22159a8e8a98,9,10,791.3000362418713,113,0
d6dfcb0b-40b8-4a03-a729-ba4244c70a98,26,0,61.81855840273365,330,0
0f789f27-c7cb-4fbe-9130-fc82ba96a6fa,10,9,140.72800582845124,30,1
7fff8b72-39ed-4dec-b505-6aaf3214c32f,18,9,947.0239990656679,107,1
0610fdf8-1b47-4edd-b8b8-cbd24778ea61,10,8,885.6280572452491,257,0
fdc9fda3-f24d-417a-a332-af7cfbd43efe,5,1,768.7465704586316,337,1
decc74b2-5c7f-4dad-82ec-2208b00e57c8,3,9,209.18687308471718,140,1
77ce1a50-ecd2-47e4-95a0-ec209180290d,9,6,249.35586186432556,192,1
6e32e444-f72c-46e6-8bea-d08e52ae896d,4,9,675.4696090924358,129,0
e26063ab-4eb9-4769-916a-1e5175fb27f8,30,7,39.4024790773676,267,0
aeb006d5-c7fc-4e34-9d23-dc89af628ad3,25,6,707.7195276594562,198,0
bc73400d-7002-49b5-9757-22ff201564d7,23,6,813.6115691306121,78,0
9c866536-55df-418c-82bb-fce8cd1b570a,1,6,497.917836492069,174,1
87b4c014-9b2c-4b45-bded-26d2ad0565a6,13,10,369.02960829424023,297,1
c0cc4f86-358a-4f2c-8bae-a56fc492b77d,18,8,377.6855135005405,175,0
990a1687-3958-48f2-b189-f4ff8386ae89,3,4,132.87246122419606,75,1
306d0a1c-b95a-450f-b407-1bcd2fc4da15,5,4,533.0251561356262,192,0
0eff756e-08a2-4095-89ae-8c22767c537a,13,6,609.4993015463891,257,0
e1a45bd3-db95-4784-82e2-c4b150c217ba,17,4,993.1541434962304,136,0
4c4b53ec-4687-4a62-a19d-7493b1d5d282,1,3,545.9777178300224,10,0
3c684b67-5ede-43c1-9be4-71aa79002801,17,5,718.2376442856357,365,0
5ead061e-decf-4329-96a4-8b6807a06874,13,5,32.99104886414328,38,1
9e88c022-f222-4da7-bfe2-87f15aaedb79,14,6,745.4048909949928,33,0
2f985efa-bd10-4e1b-bdec-df5c00913b41,22,1,619.6174616990338,221,1
3b6871eb-4a34-4af2-8d36-4fe239552de1,15,10,108.9897919793954,4,1
a5a020d2-922d-45dc-9069-5954785289ab,1,2,105.77684728958813,275,0
936d5c92-976a-4132-9544-0de3af28db41,30,0,285.2808264823633,163,0
9f7a5394-057f-4f7f-82fb-2ac7305068d4,10,7,655.0041622436189,94,1
7ec50e98-c1f5-44e8-b65d-b95474d0bcad,27,5,280.60434045835524,143,1
39a7d184-dd8f-488c-82ca-62756215d0e0,27,3,288.5633825988748,114,1
de60a45d-74e4-4b26-b34e-26ed31844dea,9,2,236.04837254908918,101,1
17462f65-10d0-4823-ad1f-7e8fe49c052f,6,7,223.88350577853166,143,0
6565788e-6507-4616-9e73-aed50f04a8ad,19,10,201.72754915558366,43,0
aea1619a-474a-4882-a2bb-064add2229ce,18,9,525.5097114102405,30,1
005bd3db-f3bd-419f-b648-aa5d9d4ff41e,29,7,596.9179116912544,283,0
f4cbdedb-176a-4544-888d-45ab471c5a1f,6,7,447.57573475011816,105,1
629be556-f5c2-4ad7-898f-8b4065ffc357,14,10,31.1058100393663,244,0
de74afbf-a634-4f04-9077-f15d3decb867,8,1,864.4758892790516,39,1
a297428e-98cd-4f60-8ba3-1bc6942e532f,14,4,109.9474332498388,8,1
95a7d19e-9768-4ef1-b46d-c0fb02a478a2,30,4,15.59247562884114,345,1
ad5d2207-f74c-489a-8f6f-bee37e4ab0e8,28,2,278.31902478372064,331,0
0399d013-8355-49a8-b859-e5e989d5035c,13,4,446.46336473425197,211,1
bbda28a8-6fe2-4e57-951c-fe02ba0fc205,24,4,971.6034125641572,192,0
8b889bbb-3889-45a2-9551-8065d434e0b3,28,10,778.5592992495683,313,0
3c0eb4b2-f89a-49ce-a6ea-1bdf72478782,28,9,943.7999346197289,46,1
7411d806-a2f7-4c9f-9ae3-31f97a6cf836,8,1,672.443120791527,88,0
00006596-944f-4d74-8cfa-c714ab8b7cda,27,1,146.89213618617603,193,1
774210a5-2020-479d-8f1e-50ab5ad90fca,3,9,738.858194997251,301,0
46104af3-291a-4d7f-8d0d-32f691b93c83,19,3,67.4941852159886,79,0
cdfbc38d-7b02-4c12-9dee-dd76dba83522,9,10,730.3477283881464,87,0
c969104a-20dd-44e9-9538-6cf069fcf939,17,8,95.40534925432154,31,0
c8407537-26cc-4cea-ab4a-0d253c6ab6d1,18,8,732.9091399116371,316,1
2df5830a-5ed7-4aa4-afb8-86b0248382d7,27,1,942.023126347632,101,1
3b94c445-3179-4afb-a8ad-1018b8054a9c,23,9,816.9569882587199,244,1
37e8c8eb-b7fd-44b9-90d7-881ede968779,23,1,997.1097360021598,339,1
c874d99d-d378-4219-a439-7ff9c0614d4e,0,9,515.7783110544915,146,0
f1bf38f1-f253-427a-ab50-1b7fde785e73,19,1,761.7573010762502,200,0
4cfd0f90-eb20-4523-b96b-004d4e13de9a,29,2,135.75151121985297,71,1
2f8795a9-723f-4305-8476-707fedc5366b,25,5,18.907331791861104,365,0
1569e898-5713-490b-9d29-62903f488c49,16,4,41.85073906405745,190,0
a9d1a249-e5ff-476b-b6ab-0e48f85a2968,16,3,13.45154410568572,238,1
6159b279-5499-49e3-ab28-d3e9a7747801,12,8,730.4879366022858,134,0
f5531b13-4b55-47f9-b8e6-d9cf058e9335,27,2,534.0426192102099,269,0
8399ac46-1e42-42aa-b683-8b0895414449,9,7,300.35409259658053,285,1
c677073b-9005-43c3-8331-cee8569136ff,13,3,338.1711694750976,159,0
7bcb431b-07ad-4942-b664-f9256ac44a5e,24,5,554.9831823946593,205,1
3c83409b-aaa8-4c38-9310-fbb3e2819ffc,23,4,646.8004788983038,229,1
660aa800-e8e6-4735-8025-e1b98460d505,7,10,769.3897951780442,95,0
3a8f2a13-9d9c-47f7-90d4-0f0303f0fa2f,27,7,555.4592581611531,99,1
99821816-9388-43f6-8c7b-7fcb74dfe7eb,12,4,297.0481531142468,133,0
da9e9bb6-d85e-411b-9e33-20c33eaddd88,29,4,222.76360450883547,146,1
860e7a5b-c42a-4789-93e6-08bbadf1d420,14,3,648.4417021308835,130,1
ab1e308f-91ed-401d-bd03-79e71b90c5f2,1,2,285.99426291597683,318,1
13cb22f6-1fe7-4b9b-aaf9-c423362215c9,11,0,419.14750631551624,2,1
7d608776-a9b7-48f2-93c2-6f6b623e8814,7,0,737.0806773004333,304,0
d58802b5-9605-430c-97ee-0a7d4066d5ea,28,1,796.298892346599,241,1
851ba9bc-d101-43e5-ba7d-2937da91d6da,1,5,370.5065652395536,231,1
395029b3-d800-4664-aa54-dad89033adba,0,0,369.8683000069715,145,1
cbc67bee-3503-40eb-b8d6-d1dabe4d1902,12,6,154.71698603160598,141,0
20d7d25e-ded5-49d0-9751-6ef79ec3e54b,10,5,980.0293519654881,90,0
1e287a0c-82fe-49cf-be19-6da7f2e847d5,7,9,989.5046678166269,211,1
895e6980-94b6-4fa6-8761-c42056fba32b,24,5,708.4787326318999,324,0
dcce882e-76d5-40cb-8611-39311b480b8f,10,1,657.0677539095418,34,1
86615f00-d206-4340-ae53-9cf4d872ff7c,18,6,793.1648091588218,77,0
66567d8f-e7c8-49af-a5b4-7af220567f47,18,4,824.1037357488229,160,0
a140b927-e439-4774-9c99-9991b0cc2285,4,4,135.29924933317406,253,1
843238f1-2e6e-4e92-9534-b94c20e072bd,26,3,911.876092313938,8,1
1b4c7428-78fb-4f9f-a3e7-6bc8ef87d4cf,19,1,366.65614119615617,184,1
c21ffecd-97a3-48a9-b64a-3903b7a78a00,30,10,107.97862388608725,245,1
63eeaa89-123d-419c-acbc-566956c1bc06,21,7,470.2515507372329,293,0
241841eb-de26-47a8-adf1-17f67ca35688,3,5,721.1287885924107,8,1
fe275201-a812-4013-838b-2bc75615379f,11,3,257.898216589622,9,0
797d02c4-ea05-4dfc-8da3-9b42c24c9d97,22,10,317.2940666110891,126,0
85af7085-d779-4d06-a1b8-0a38109da492,15,4,149.87247766650225,52,0
28c7a104-8170-445d-9bee-6cbc089992b0,26,8,647.4652375460548,52,0
a9eacecd-8003-440f-948c-8870ca878a36,10,8,993.6701553082726,275,0
41869433-e67e-4ad3-b37c-057f2ae250bd,20,0,243.95385099801115,74,1
d7bbdf32-f9a0-49d2-b433-b8b9d9e941c1,10,7,41.74912857711788,291,0
0cd59269-6c2e-4d25-9aad-d7ed1f0d8736,30,1,896.6777318568226,338,1
a886d543-6424-4173-b958-e90c3bdae250,2,5,315.04796025526247,244,1
d909aaab-5b39-4a43-a555-707b63717dfa,27,9,706.2454547559518,44,0
d06cbd46-9f81-487a-82c0-b14c7aedb826,2,4,129.33655378427423,130,0
f03641dc-4346-4635-97e6-f7d825c0e627,28,2,661.0805413277983,60,1
66bb976c-0feb-4305-bd0c-c3267960c503,9,9,692.4751896190292,287,1
d9c37002-ae39-44d9-93cc-3571a676b3c3,5,3,199.4561756299422,33,0
008957a7-3466-4781-9028-34e1081e8855,18,2,886.8680909338786,75,0
4eac08ba-fb0f-4a14-a21a-737f643febb4,19,2,387.9785188640501,130,1
353df731-d7d0-4ab2-af64-9b7ccbdab05d,6,10,501.84989962326785,362,1
bf38ce21-1e4c-402c-bc20-a9ff9507c794,19,0,152.19867268808719,107,0
db70cd3e-4d37-420d-887a-ebb75f09bced,7,8,713.979272988219,291,1
66db59d4-df7a-4566-b873-f40ad0cdb4a2,28,2,926.9140929662104,66,0
823877c7-a914-4a4a-872e-dd18260f8eef,19,3,652.0329465098393,1,1
2a49ebc5-7c29-4433-91a0-ad4ff5233e12,18,10,355.4407984793616,159,1
d9771c29-61fb-4db9-94d3-6473c3040f83,14,4,583.4307836781311,218,1
edc26008-aa67-4a74-8d26-0a17c71ffa2d,16,8,86.90305903809548,208,0
61f151a1-a02b-4b87-84c1-d4c334358f92,3,5,579.3092574510272,289,1
bbdc0aa9-b89e-4375-92fb-b45df2fad6ba,8,6,307.58485692188333,258,1
3dbcbfaf-8bb1-4b41-9401-2f0a511ee448,8,3,27.4239744467637,51,1
376cccbb-d9e8-4db3-b9aa-96464d64d982,19,7,753.195929052244,277,1
8698f57a-2ad1-417b-bd59-26c0dead4c5f,28,4,771.1472589538583,172,1
230960e3-4dc8-4711-962d-32b0be91f8eb,12,5,994.5828335759543,159,1
364c5283-cc43-4eb4-8277-8c26334aee7b,7,1,943.0680700315528,35,1
065b93d3-c91c-4e0a-a6fa-5dc712729d70,18,9,365.582377615459,139,0
4eefa019-feaf-4bae-bc4f-b0d410f6ef83,30,0,210.78067526549782,215,0
72647b48-7663-45dd-a105-94d8c91134e4,29,7,969.5343670840393,288,0
2bc7c470-3d3a-40c8-80c1-5cf5b085f8ad,22,10,513.8710688543221,206,1
aed9d67b-206d-43e0-b0d0-660b98b0af49,13,5,391.80631067265534,211,0
8672bab9-4ab3-4279-971c-3568dd571993,30,4,575.9641635059605,20,0
c2e141d1-e814-4579-a84b-dda5c55ed613,9,5,62.1028788584016,27,1
de686c4b-b13c-47b3-9b01-23cf7bb11c88,1,0,936.4813427662612,31,1
a662dc87-c635-478e-9d7c-f3dcf3c780f4,11,3,691.896689303234,220,0
5013d3f2-0384-48d3-a84b-3bacd1f67f7b,4,5,521.1597642668919,207,1
e314d571-635c-4bbf-a79b-7de1b0d07e6f,24,10,47.53564859312809,259,1
b1f20a70-8ae3-44cc-8ee6-e10d41ff57d7,26,1,768.0531199269946,338,1
dd387779-22da-4572-a3eb-fe65cb1d43af,30,3,112.06954384799117,212,0
a4d32cc2-cac1-4652-9d8e-b946a1775303,16,3,438.5040827151333,138,0
e6da9fe1-1a54-4b88-a99b-513aba06522c,26,5,60.88984319490742,74,0
eb686ccc-2775-4619-979e-8c5056b30816,1,6,172.62195116012157,268,0
2703e813-6abb-4ab3-9955-13d3942b9601,30,0,339.88558071823513,91,0
cce7fbde-d32e-45b4-b3b4-1d191e6733b9,25,0,390.62670116938756,92,0
37b6cb24-564d-4112-8871-6306a1e8d3b4,21,2,492.4565795814124,66,1
a000576d-e2c1-40b1-bc8e-802f144ef3e3,7,3,832.8976694163837,148,1
d4dea16a-c720-44ac-8299-e7f0293c1424,26,2,92.9135528007352,126,1
af9ddff1-e1b6-4672-9243-bfe7564ddbc1,14,7,811.6145919264435,244,0
fb6881b0-0380-46d6-a4ba-b942695640eb,20,10,698.360289851365,297,0
91fa7c22-6a58-4bd7-9384-3bf5183f6f7f,1,10,128.7502849417198,319,0
a78e3719-4ff1-4455-a3b0-29d55fed5342,1,10,228.3642310885362,59,0
f4d1b976-ef99-45de-b8de-4567a16e07ab,0,8,173.63214647966862,345,0
e8d4455c-f940-4373-b22c-b0defea5f6a4,14,7,729.1376518554719,237,1
1e08a837-b527-43af-a4b4-1a54dae8ed43,22,9,576.6263902893496,201,1
7ccb4763-6f2c-421b-8061-44f851156b32,15,1,171.98284380444673,10,0
8c2d1ac5-d06f-4eb5-9315-95c060b4fdc7,19,0,187.5778525422066,343,0
9c03e8aa-2106-48e9-9fe4-30fc28693c73,18,3,512.6693610497337,82,1
be98a659-f76a-41f0-b1a2-dfafee9f2332,18,10,109.59586714215664,80,1
77494fd6-bca6-4c92-be83-ff3af7fd8303,30,2,921.0330645364754,202,0
fd6ba921-9d04-47bd-90df-e9b79d87aba9,8,0,192.41697471881957,51,1
e4b0999e-627e-464d-a703-ff92398b1535,30,8,878.0650371211215,124,0
ac51fc66-5576-4ea3-ad66-4382fd4e1af0,2,8,997.9253660194279,196,1
5b88f6e0-dfde-4c96-a8e7-6b85a21bdc9d,25,3,92.93106095698921,164,0
628bf3e6-71df-4fe9-9252-eb323392d9fb,20,1,45.28652882070017,290,0
4fc4a96a-0913-4af1-99e3-1b817cc239e2,7,10,187.99535442206562,308,0
4b7c20e1-41a4-467a-ae05-ca626656ca86,18,2,304.98601116489965,126,0
46e49cf4-c8e7-447c-b028-2202a0a5f012,16,3,168.39237730182253,319,1
9e569a5d-2a34-4fc4-a677-926b4467a30d,1,9,522.4887172294782,167,1
1c9e8c78-a0ae-4db1-9f6d-6c4b76b3347a,28,8,85.68410634083968,279,0
75488638-d7d9-4009-a151-444816d04bcf,2,9,759.4824825759545,152,1
42a912d2-a836-4b13-9bbb-c88bd7e694b9,5,1,695.1484384706337,279,1
d713118e-edfb-4d9d-87e6-4cdb7b8ffaa9,17,2,859.1936664505093,179,1
574d7d73-2521-4f83-bda8-5c91871fcffe,6,2,310.4038172454576,288,1
1066997e-c987-4f8a-84c4-154fc4747cae,20,7,588.1968924105897,118,0
f3e17d6f-c126-48a7-a4e7-ec599c02b1cc,1,5,704.4154972044909,17,1
1ed694d8-b5e6-4f23-acca-898d0b623fc1,27,0,502.1514075377965,116,0
11ffd049-2e9e-40b9-a6b7-9e8514e4a7e5,0,0,494.30874580258546,232,0
9c87b66b-d188-4a5d-a142-191cbb96c162,8,7,866.4441409068667,181,1
43d13894-9f95-4f31-a1c4-e465dcd85f78,7,5,79.48157502187637,290,0
daaab377-0eac-4f34-a2ce-5b12214b0304,22,0,617.7094078989952,356,1
d366b258-93a1-4f4a-aec4-728cd1e76286,19,2,472.0583763611068,72,1
b2d3dc74-3d72-42e7-a05b-72b89de28a2a,28,2,376.95220992230537,121,1
f32941d4-a99f-43fe-bc04-6ebb19ab03dc,11,4,540.5112971128323,188,0
e1612f3c-e68a-4469-9266-b8f2156538f3,24,1,472.23108654357605,19,1
a862ffee-c4ca-4401-88f2-07c669b84777,17,6,281.80742157250273,110,1
2e49a79b-10ca-4bbe-bcaf-a74c276a6264,5,0,88.81485746225759,148,1
54b89e2b-5dec-40d7-b71f-c8355a8a8ff7,18,1,182.79338633920017,107,1
76acf2a8-da23-44a9-b470-11f7d1ac2261,6,6,854.900902056439,203,1
ee7f01a9-4908-49b3-85eb-9bec59e5113e,5,1,623.444826160244,324,0
030362a1-c93e-40d9-9b97-eae7a348328f,16,2,291.49689954887504,233,1
f6144acd-21c6-4e4b-870b-d4f1956118c8,20,7,118.02420925665803,5,0
0bc09009-9be1-4ef4-afbd-ab6ebbcccddd,11,7,868.0874530448291,139,0
4db26ff4-2f4b-4c46-8fc8-a9ab6d577b46,15,3,280.05439115823117,227,1
63f1c7b2-db8d-4787-ad67-8899017dd22a,21,8,302.27394689224985,0,1
41b530e9-72d1-4757-afac-b26e6a1c275d,27,9,115.33093644996295,253,1
543a8b44-a85a-46dc-a092-f02f951afd54,16,1,423.2689546775984,360,1
6442ae7a-3418-4a08-b866-25a11bb32c98,10,10,701.5435597077344,365,0
87350e65-598a-44a4-994e-484ada871a14,26,2,944.7833401373889,240,1
0e33ac42-a5e9-42b9-bbca-8c16441b88ef,23,0,750.8919871465672,173,0
d3a40bf4-aa0d-4ceb-bdd2-ef75abfe4cc0,1,9,848.7778157091768,30,0
9b1a25dc-a647-41de-9298-473d41a5a301,4,3,239.48349041100315,148,0
078a20d1-7e67-4c6a-906f-cc2de202e1a5,13,5,824.9196587939036,244,1
9ffceb82-1abf-4a24-8c46-b54e8223a366,6,9,828.4634768048089,164,1
e5078b13-7324-4078-ba46-06357c05768f,10,9,871.5725384474514,139,1
36eef85a-b78b-4d25-8eec-23191fa7bcec,20,2,781.2327853820841,47,0
986ee877-7110-412f-bf84-760f535b7f5a,5,1,395.752083292646,363,0
4a8e87a4-4108-4a1c-8a13-2b7f629eb86f,1,9,947.4372324808461,227,1
cd0e5ccc-5b27-4680-8c61-db7234ae64a4,9,9,309.98105260938956,75,1
92de4917-ac96-4f1c-bc27-63a44b7dbc15,12,5,904.4097406784535,240,0
b7f0036f-a06a-4683-a6aa-ac2947e704a3,15,2,821.9709159693608,178,0
ebe249aa-9c27-48fd-84b1-616c884f6835,24,1,668.6711799067251,121,0
b5ad85f3-7aa2-4caa-9c66-a825a3beef7d,6,5,948.8559053262874,155,0
3e568ef2-bc3f-4a73-a93d-2f60d23943ed,5,2,171.41092606913122,67,1
abd68a47-07cb-4308-9d3c-30bc25ec87a7,22,2,664.7451993915703,58,0
f6926873-8140-4f67-88e7-53303aa4cef2,27,10,209.26982874826882,96,0
8680c0de-95ee-47f6-a1ec-5c2a06e24f99,3,3,786.4144527585155,35,1
d2e259a9-abd6-4e08-9261-97dad6887d7e,15,8,155.38037320038413,149,1
3ce2e896-c1a5-474c-993b-7ae098f687ed,12,4,418.98889029375255,183,1
e26c1cc4-caaf-4fb4-8d8b-67d9d612f027,24,7,302.8269613794291,185,1
4ced4552-5ce1-4412-9223-8d07b9887cfa,12,8,143.18565914638947,283,1
53556fe9-5cc3-4063-8db7-eaf9ed68e0c4,29,7,687.1254882716805,152,1
6f749465-5d84-4464-82e3-4a66191527ed,15,9,68.60804438821633,137,1
c5013db7-e504-499c-baa0-0e6427bbe676,12,3,119.42804309258193,105,1
36ec8f8b-523a-4793-8c95-be34206e000e,17,6,904.9998942045657,182,1
e137f565-b094-433e-a9d1-b9154e4ba33f,16,1,670.706067166151,355,0
80b5e8f8-dbc1-4b1b-86ed-c57c5a520a5a,6,3,76.84660629921613,344,1
98f3d832-f560-4866-be5e-e0e857be7b88,0,2,939.8192132027326,9,1
af21a62b-f7e3-4288-bfd6-e16dcc3aa4fa,13,2,188.3653457773905,174,1
1068f704-eb7f-4584-9ca6-d0cbbbcb2bcb,21,4,190.07621550940567,285,0
b6dd749c-26dc-46e5-8ce0-e379c222d059,23,3,785.6829094297528,42,0
eecd07d1-9597-4aca-b58e-17477a9315f4,22,3,164.58059816715908,192,1
74df0425-9b40-4eab-b9db-6519fddedcb6,12,10,295.4326797567203,109,0
006f9ea7-fc4c-4413-90e6-50993eb21f80,22,6,541.3968848235198,229,0
d84d9519-fc04-4c7c-a39f-3d482fdc4ed1,6,6,760.7188964499672,191,0
3ba08dd6-3654-4948-8786-9b519e5d67d6,3,8,926.21716279564,143,1
5d76f1b4-5b78-4095-8ebe-b17d325f7389,3,8,670.8019802213464,22,0
ac29d4ae-42f9-4d9e-900d-920e79c0be05,24,0,831.6031023788937,212,1
777ffacc-1338-4d35-a9b8-e8fef9c73e2a,17,6,436.47523122630616,157,0
b5890020-8e68-475c-ad86-858601e37ce1,23,8,392.9137018415074,176,1
b4cd81a7-d43f-48ad-bc69-e5b8cc7972bc,28,0,833.0523572802252,261,1
b2d77aef-4316-48e2-8743-fca3a7fdf98d,18,5,131.74731228661696,235,0
2846c708-d43a-40d3-abec-c70498469517,24,6,778.7646798498054,105,1
d90193a5-4506-42cf-80df-9c84701fd833,19,7,941.3070539774924,71,1
5ac4badb-b131-494c-9957-d25988099909,8,1,670.5637277905942,293,1
f963c68d-71cc-40b4-b2f2-53f3cadf4253,6,5,864.4403387321286,31,1
6c0b3d5d-00aa-4f67-81ed-6d7e0277b5d9,14,5,509.24177846845345,77,1
67c64f3f-812a-46dc-a8b1-2a7e133fa68d,20,0,28.388946170684328,335,0
529f7c3d-9159-43ea-9394-bf06b7740536,5,8,616.0944246502004,96,0
d5ff397e-0faa-43ff-a7b2-df0000a36be8,15,10,801.6652123650581,250,1
9c863984-d73e-49a7-b19e-e8f31b5a36e5,30,9,57.295731416284525,224,0
cf529b83-0751-46e5-87b1-3591077af992,12,9,936.1094792573306,361,0
4a1fdd17-9304-4281-bd17-446dcbfa67a9,19,0,955.0151160450023,57,0
ccf0c452-abe2-4e3f-91ca-1b0fd83eefd8,3,1,146.7493657779817,161,1
b60139b7-b6e3-4eec-bf1d-c5ec4af705ae,11,5,645.156838839153,2,0
470084eb-117e-4664-9912-96c268e5858a,29,10,108.82830814091137,171,1
c7938ed0-7a8c-4bbf-84be-b46255fa85f3,13,6,50.55864478325134,135,1
6eba8a92-f883-4794-970c-ee4432c9452a,25,3,216.9709190586332,10,1
b68929bd-3440-4e64-9d54-c50e3e04fb80,11,9,32.944083818785444,201,1
789a1752-435a-4902-9a89-67c682407985,18,2,540.7312164690411,105,1
1d734088-45da-4f73-9f74-56a265095579,20,4,328.22824289966303,251,0
544bad50-a916-4b6a-ac1c-cdf909b7cfde,17,4,36.845996790538905,7,0
984b9abc-5978-4718-9e05-940b0a911ff8,29,8,712.8349707097914,303,0
88df4edb-7e5c-4e1a-8f32-54d557df2549,29,6,67.41281986016112,174,0
fa7a0fbe-a609-4b64-a9bf-e0c7e6b66724,3,8,121.58349347156161,191,1
7d0b3568-57a4-4096-b374-56ff68f78a16,23,3,122.85792618162328,88,0
f924de8e-f6a3-4a8a-9794-35d92f5b77ce,2,3,439.8881653697492,4,0
12fdd245-72b0-4bf7-8608-f0b087862897,26,0,896.968641498308,92,0
eaa01910-da94-4001-9e9c-9e70a895ce3e,8,2,882.000032315526,47,1
d5cefe47-8b60-4377-a55e-d003563be409,29,6,785.3662088815842,276,0
f611a219-1833-4753-bd04-829d59922fdf,4,0,94.53058799645642,364,1
45024bad-2afc-47f5-b7da-925088fadd46,4,9,11.169791207550794,197,0
d3bfafe3-7411-467e-bf14-647c9d31e1a5,26,10,515.4967487912983,90,0
2fdfd943-f3c9-48e7-99f4-7d2c2c4f4a11,22,3,881.8888073801832,159,0
d2b30809-aad6-4f9e-9965-bcce38c15c11,2,5,655.7731531144915,174,1
1a4507bd-a495-4f37-ba90-3dfe0af8da76,9,6,964.3914314728244,329,1
4f46354b-68a3-4fd9-b103-11d98f281401,5,8,791.5396761660729,62,0
63994ff6-3bd1-4a7b-88ef-3e71ef01a7b7,21,4,76.77680678952059,259,0
60f9483b-a60c-4f96-918f-bbef17629480,21,4,487.46179567027224,59,1
28ca2550-6765-4b98-814a-fef3220ae203,6,10,986.8764277841564,29,0
3ad0498f-f7d7-4b25-8e37-0f7759ec3ab5,22,5,723.9398668458741,252,0
b0e930ca-be6a-41fa-b4be-14c37748bad7,15,7,565.0340479221775,109,1
4567ed28-dc0f-41a3-9ba9-636aa52440b5,19,2,134.2013469033605,42,1
98958554-1f21-477f-a044-529c721ce63c,19,0,237.08157977244892,201,1
841dc8ea-d454-4a4a-bd39-d47b84ba4072,13,1,475.5678674753582,73,1
5f1f0cf1-1bb8-49ec-adfe-fc2440c5f1ec,7,2,821.22523545789,343,1
6149c571-d519-4158-8239-69960ffd7b3f,10,3,383.91637118089807,362,1
2e5c736d-55a2-43e5-89bc-1400c45034c3,14,1,695.0259590648277,179,0
865735bf-e2d8-454f-b85b-5c93ce691029,6,8,859.5133451342581,289,0
4d6b9b44-f4af-44cd-b6f2-c230cdb41350,2,9,905.0744288058935,18,1
b61b42ab-946d-420f-85d5-5a8b6ca07186,19,1,530.8847324321242,355,1
d67511df-a291-44e1-a0d9-edc3e8ee985c,30,0,591.2730369197876,254,0
23736a2f-45f3-4970-995f-3f5ab25e7378,30,0,31.71873511105183,270,0
699771c4-c4fb-4c0d-b279-9e28fb2dd293,21,6,707.8201873857602,251,1
6a51fa7b-93ce-4c18-adb2-4d3f8efbe9e9,7,5,903.0426382609384,294,0
348f9995-3539-42cf-8d49-f002d107ed17,6,0,394.3328123778442,56,0
265eaa6a-4b15-40fc-b948-806543fac04b,26,10,786.4053290113496,220,1
7a522cbb-d355-4eaa-9495-fe006ca4fc6c,26,1,48.7044062468035,20,0
853cfe45-fba1-4370-8828-3186e2d43194,18,3,269.9218108939488,320,1
183b8563-191b-4f76-8075-ddc78c3f25b3,17,5,271.15222518203166,328,1
d62157ad-a1a1-403e-b8db-f58e54a71929,11,8,249.971320233075,363,0
917c13c3-898f-4d2d-b790-efad6eacd6e3,14,6,752.3402962654721,241,0
ddb3b5dd-d960-487b-a129-6d84f58991e2,12,5,732.1711650528778,355,0
34675cf2-9cd1-4e05-910b-00bdf8d4e51b,12,10,272.88596832312106,348,0
6aafe7d6-ef7d-429a-a81e-a65e46f84cde,12,0,201.96701854516309,347,1
40bd461e-1941-49ff-8cc4-aa164a60e84d,7,7,52.853922883486895,321,0
9c0f6c65-d795-40ca-889e-f2d252e05597,27,4,151.504114824646,111,0
cfe47504-56bf-48f7-ad79-e9ebbbc543f0,23,7,867.2989348182766,328,0
8183f0f1-d3cd-4b4c-842c-086fbf487a07,7,5,722.1461474020557,184,0
495cfa3c-25e8-4457-b671-50c4883e0a4d,12,8,525.5436412773572,151,1
1432d064-826c-4826-a182-ba54351b8a8e,9,7,146.34606999650458,33,0
00604097-f97d-4749-b36b-8766e505691a,4,3,110.16530481441322,81,0
d2de074e-f06d-4457-9435-36a84536dd40,21,9,124.53888473225882,325,0
29b61fb6-af50-4bb5-8e28-fb8b745de298,19,3,659.606585183099,148,0
3a7acda8-f52e-4001-87c4-06d0cb0cc967,11,7,299.6668647406475,5,0
d5119a35-77a3-44bc-92d7-fadc3146f78e,19,7,212.88045774983954,197,0
521ba0d6-5bdb-487f-a552-c0b75afb1453,24,8,271.97567505856193,319,1
a46f6bf0-c9e8-4c3e-86ac-890e36018b56,1,9,506.2408115509205,238,0
7ee70961-5688-4f90-96e5-51a08b51dc87,19,7,210.94281671141647,111,1
c164dae1-2bff-46d0-a6a2-f857badb50e2,1,7,140.258881397451,302,1
da2b4fea-f0be-4128-be5e-ba55e547bd52,8,1,402.31409275385766,235,1
7a3883ec-54d6-4d98-83b8-265b61e0386c,4,2,153.43226311407687,307,0
2c67b7dc-be67-4465-92ad-c354032ec2d8,2,7,769.2238023019112,98,1
46871194-ddf2-4514-8941-2f10dd15ed34,11,2,484.1810868908437,71,1
643b1c7e-40db-4d61-b10d-8cb5a77395dc,29,2,993.3129378724577,58,1
ef8204d3-c910-4193-9e98-8a065b939bb2,8,10,416.56296366208625,171,1
b956c207-d108-4a43-ab66-990019e16422,9,2,50.778113355701926,312,0
63cd052e-5c49-45b3-accd-47634f7a5870,18,7,526.0877596444262,143,1
45180cf3-eb4b-429a-ba6e-8d29d6f3c40b,4,3,453.4439704214801,52,1
be0b0499-9eac-45be-bbc9-262d88bc0cab,5,5,882.7760414832112,81,1
53c6e9ff-6588-49ec-864f-1efa154484f6,14,3,68.8739092919921,195,1
4940651d-67a1-450f-87a6-d1355239e1e0,16,3,619.6002752167933,249,1
434f4376-ad97-4abf-8825-4cff5daf8de7,21,6,711.5338051288297,81,1
208e771e-38d3-4a7c-bc8c-3f940ef0bdb1,14,8,187.88256025176818,66,1
ff5d8b28-8332-4ff9-8752-878473588473,12,7,551.0522371956744,179,1
4f602972-961b-49b3-bdf1-4003c752dd52,4,8,205.4196641264372,239,0
15754a65-7c1a-47ca-99db-9af1bf026db8,29,10,134.56582818215003,339,1
4e5fb6bb-6c74-4a6f-9945-0dd062c5a8dc,12,6,662.7039762817583,196,0
e59b6a88-ff00-4b50-8815-36782ee77bcb,27,4,368.3029351724048,107,1
6b43c377-783b-4c39-81d9-db133950cac0,20,3,197.69177166738638,83,1
42603b08-2ebb-4f24-b229-d751a812eb35,17,6,972.9547354987496,94,1
5700790b-2ae1-442e-8aed-0bbd3ab4a3e5,26,6,327.2325374806725,202,1
cd07726b-ac96-431e-8bf1-9e719d5a15fe,26,2,600.1312553184825,280,1
68ce1461-ac2e-42ea-99f6-00b500ed3213,19,5,340.57200928534127,291,0
dfc2e620-2b68-4561-80b4-bab9b9ee36a1,27,7,133.66723886079146,2,0
7c98d23c-69af-4eda-9df5-7e75ade65c7e,5,4,898.6889056790394,40,1
75b15843-a0fd-4c18-b95a-2e32155cf913,30,0,566.1697462118494,202,0
27e646c0-fb01-4a49-a8f5-6ffd62230866,19,6,329.8859253540113,94,0
4b31d9ea-a206-4cb6-bd62-0e1bec0f0ef6,29,7,853.0871970316888,167,1
36b6358f-490c-4afc-a8db-4cf05a1a93ae,13,1,641.6933274986568,84,1
888b8218-b21c-4901-861c-4d06cd5a1000,4,3,612.6503484278101,209,0
f6eb592c-692d-4eaf-95d4-d0af7cf8b1a6,2,8,451.93961234180136,126,1
7133918a-e8e7-4463-9f79-f3f329ea8def,25,9,839.7192997950665,280,0
e3df91e1-df00-4241-b670-dda29c5a3db4,0,4,393.1205139834052,216,0
c0cc78ef-06f2-4c47-87c6-4e24232b15ea,22,10,247.01089562971657,361,1
93053ca2-f2fe-45d2-960f-2d3ab75c7e29,29,0,39.05253164530187,141,1
145588a1-dcfe-4e9c-8415-e301123cb915,2,8,484.27657767398637,65,1
ee06f31b-fa68-49b2-97c6-1509bee3b90d,19,0,617.0755197575372,103,0
f1d6fdcb-06fa-4f32-abcf-c5cd75501686,7,5,695.8650250394736,2,1
6bb51484-a7f5-457b-b76a-9835d5f7365c,11,0,296.4933197163726,193,1
e390d946-8708-4d80-85da-df16f80cf2e7,19,9,59.852037599669394,3,0
27f1f2a6-78d7-44b1-a059-28f08418ad8e,21,0,969.8886944434142,209,1
8ba8d6e8-8531-494b-8993-3bbe3265f0c9,1,0,646.5989228482339,307,1
74fed070-2226-4de5-93f1-ac356de6cef8,22,7,218.73316473407877,269,1
673b7eb7-fc0f-4ab0-830b-20b70d331d4c,12,0,688.7336130585576,124,1
a9960943-cad1-49bc-a9bd-26c5ab1379ff,10,10,305.3745391677588,105,1
35ef2620-19ca-4d90-a56b-677b1fec78a2,13,8,819.6322645594039,362,1
ab89a8b9-bb80-43e8-a8f0-b87b11c21e64,19,1,735.6986304834093,303,1
a4f5f308-47a0-412b-82e4-702ee6ffb09d,25,3,692.2108164904209,108,1
95237de0-7204-460b-82f7-af4f7c653aa2,16,3,600.4355074048948,266,0
f6a547a9-3589-4460-a769-e4469fd290cc,6,5,46.776331797897086,61,1
0f2a220c-2dce-476e-ba66-bcc1cf37e428,2,2,657.6264399329061,280,0
79980de5-a724-4b87-874a-c5c9232dd0ca,11,9,144.51372536872154,310,0
99e68447-2e73-484d-a43a-6df068958fae,22,8,382.6575674819104,20,0
4280c4e2-45d7-49c9-b8b4-cff288da3d44,1,9,731.329376314707,88,1
5fa4b1b8-df8c-46d4-8038-517375d4eff1,30,6,517.8487633115799,88,1
9f237ecd-2912-4388-8278-b8edc3e7b948,26,0,808.1462697513693,197,1
edc536f8-d896-4fdb-b63b-bfe03c0a230a,15,1,444.9669646023957,240,1
f87d6fc0-d20b-4775-a7b2-8cca08b9793d,16,4,327.36815028011324,83,0
232226ba-e91f-4870-94e0-a3eace531844,3,8,798.6241434044407,50,0
f148840d-7442-4574-b7fd-ae108d3dbcc7,13,6,327.6748841539057,48,0
82de474f-dd85-49cc-bfcf-61e991dd2571,19,5,370.34838221199817,336,0
62fd7416-9b58-4d86-908a-c1c01628b6c0,29,7,107.57944080132408,315,0
6f6db3c6-3fd4-4d20-a842-0e47693976a1,14,1,907.9356459408349,239,0
788a0149-b588-4bc7-8206-99983037de58,1,1,822.4879840022818,194,1
ab316060-5cce-43c0-8dad-ed07676a7c50,17,10,289.86601374253706,48,1
b914ab03-f8b8-4429-bfac-e6d7b19174db,14,1,954.7985096290032,87,0
21d909f1-32ea-4705-aa17-7155ce94f597,12,10,982.9257264180985,334,0
c777aa47-81e9-4f3e-8ac0-ebe3091ffba5,18,10,672.5868225616298,349,1
42d810e1-7878-4aac-b7ab-61b0f3fe4859,3,0,179.5785753696193,249,0
f37e341a-c857-4964-9673-f0637daae4ca,19,5,649.461902572052,329,0
f1aa2ae3-87e8-491a-ba92-5bf61a0ff18b,4,0,80.91008478885209,5,0
53d73bf7-8ddc-47a0-b8ef-f1eb75e5c2a6,2,4,931.961885631238,217,1
84f225bc-2862-43f2-b27c-d2c3ab738954,15,8,848.336367941842,111,1
72a0d6d6-d804-4464-a311-5cc2fb02b540,9,9,957.2142919035551,333,0
2f040704-e68a-4924-ae55-dce6d48aa2a5,0,2,980.9057832041658,362,1
c80fd2c2-87ad-4e4f-bcce-1b553030eff1,0,5,174.56891990563872,100,0
f3e95cf8-2940-4b24-9dfb-8e2724f185d7,27,6,697.1056710059281,349,1
32e0d10a-de12-4cca-b171-c5644e4c09aa,14,6,257.27714795922327,244,1
689b954b-978e-4f7b-946b-a82f47504fc0,9,5,338.1743350701517,102,0
4b288b62-16ce-4554-8486-5a408373305b,22,7,4.706245053527125,60,0
61e33194-b6e4-4543-99ed-7e63059110de,1,10,57.58769758296944,104,1
5f2b2a2f-31df-42cb-8369-d28dc99f49e4,27,5,530.7394728845832,4,0
fef323e7-18bb-49e6-9632-72294946be9c,20,9,216.22591419151283,118,1
09fcf26a-034f-4f27-90b0-8e7b09e2afc0,4,5,561.2244415114488,167,1
4b6ba32b-89c3-4a5f-95f1-394859a5a015,18,4,916.2576963022703,145,0
4a545ce5-16c9-4ecb-8db6-c0af2d06c784,15,3,959.9961030422968,14,0
73c0ed03-8642-4508-8fa8-01b4fc4e21a5,21,1,785.9076161907755,338,0
91b54f9a-7362-4b86-b79f-f223605aed11,28,3,70.09826920563722,120,1
08f5f7d6-88ad-4893-8d68-c3eaff94447f,16,10,262.84628816577737,361,1
b517b37c-801d-4b83-8a4b-0ef0bc9c32cc,6,10,365.2880231116417,298,0
22b7c71c-78ab-41ea-8c81-e3068d01d81f,6,10,972.3825565296919,5,1
01e1a867-65fc-46cf-afbd-350ce076c60b,3,2,589.8266777593645,222,1
445e08ab-86ad-4981-8d10-033df55f3619,23,0,976.7415945177846,306,1
efe8acab-ce88-49be-b6e2-f363bd085257,1,7,339.7604329905145,167,1
313585b1-5883-4b6d-a86f-00347c9221a8,20,8,96.5972041141524,300,1
2696ba11-9ba1-4e6b-a61c-ce0a9a95d635,7,4,963.2057226467609,274,1
97c0a79f-185f-4b14-81ed-6827850e7c95,9,7,104.42387087592697,331,1
d5777cd2-1b98-4f22-96b5-93432f9c470d,0,8,140.44010091096425,60,1
27902628-e0f3-4601-bcb1-8be4e711b29b,29,3,676.847613709616,112,0
edb8c5bb-89dc-4ae1-8bdc-ca214eac5636,7,6,298.5909081697983,361,0
7228f5bd-6be3-455d-8117-7fc070e331dc,10,3,592.6230384400042,107,1
0a77f1b6-1055-4690-9368-c4c3247230a8,28,0,293.97275728685224,265,1
217311cc-24dd-4591-a541-5096d6136fbc,15,10,696.6125001139937,82,1
2133386d-997a-4c90-af7c-99cce76647fc,1,0,92.46150921952866,329,0
54ddb5d8-e8a5-4886-9bc6-5a6cfafc5782,26,6,389.86782588844846,25,1
bb19ba42-e4b3-4e43-bd47-3dfd05629544,5,3,172.2680751131672,298,1
0ebf2f7e-2600-42ff-8b85-5dc621c836f4,20,6,291.6374787578342,175,1
284de75a-39c1-4679-932f-eca21845109c,27,0,577.1209620695465,246,1
74fd09e4-bffa-4827-92c5-11b559297ef0,1,5,261.2777034199222,78,1
eb33ac93-1383-4485-91f8-1dfa4ec797c4,19,9,179.94819013899942,144,0
4720a869-833c-4852-92f1-b3898cb8bfdc,5,1,847.7402250249525,230,0
7f18658c-f6f3-4c20-8549-a6ddf888689a,30,5,109.59523281928828,278,1
b480c8cd-9cfb-41b3-8b2c-7dc9b9c530a7,29,5,666.4801180633863,112,1
ecb1e076-59b0-42a7-a02a-32f72d6f2ff3,27,7,20.89360640152138,0,0
1f49deac-9dda-4998-a0b1-fabb7c85fd17,13,0,966.9062926383765,94,0
4ca0be62-5b0e-47ec-9960-1307820d3cac,7,10,450.6694657002348,168,0
22684062-9e95-48cb-b4f5-a269f819d01f,8,6,365.447855560478,187,0
1cef10a5-1c5c-47de-9485-55954cac42b8,0,1,967.958441656727,365,0
1af90fff-b51c-495f-8aa5-ac623993cf80,25,6,811.5112782573451,33,0
58d7b487-36ef-4d59-8426-a4fae5f1a5f1,5,4,769.1514773313675,57,0
0a213e2b-495d-486e-af89-c70fdc1d8973,2,7,311.08678059578875,148,1
474bcb0f-8260-492c-b10f-673fce30c825,20,8,814.5771056607409,240,1
fd53f136-c5c3-4182-9df8-477f2dbc3ded,26,5,242.9756289917413,160,0
1d4f16a6-48a5-4472-b998-4f65dc14319e,11,2,285.1399165292552,280,1
4bc57a80-b125-465c-9175-0e6a9fad1d37,4,0,28.695769833201766,119,0
182c9558-2156-46d4-a5e4-3e08f4b16440,6,8,206.09000957812006,321,0
3cd38e0b-3393-43c9-9e2c-d3988e95aca9,18,9,879.4893228011318,165,1
e3d2d04e-4a78-4ce7-a5a2-648e53315111,23,2,532.422371045613,32,1
9f7681f7-3339-4b15-bcd8-dcf1a586126a,5,4,488.2268107026557,289,0
51e9f398-5c1c-4f79-a267-d5c6ccf62fc1,17,0,789.7803829904318,119,1
df751009-03a5-4805-812d-08e7d71e0120,28,1,821.0272588818972,301,0
8dd41723-2431-4c3e-afbb-6b7d97115d25,28,5,131.9137321320676,94,1
1d1e3235-28ff-4a29-99ff-f46da0a7a09d,16,0,930.3383051464122,350,1
20716932-fe92-45ea-aa86-e9199a492244,19,8,975.824730200079,339,0
d3163998-e9d3-4a79-979e-a378989a883a,8,2,719.3772522380472,85,0
7180ef0a-e315-4ab3-a496-9f5f2c17eaa5,22,5,179.01342653157093,107,1
e047dfeb-69ab-4d0c-956d-2ed252f1d3f0,9,8,839.0400578516487,233,0
10865bb5-dbbe-421b-b9b9-b40cd4875b17,0,5,740.2235018741251,301,0
4528cb37-477f-4946-a22e-93a61c017ae8,30,0,471.98556082817146,275,0
79c5dbe3-ba03-4125-a7a1-168ba58b14ab,7,6,984.8097611613737,82,1
539cebcc-0231-4288-b59c-2c84f0367640,16,0,323.67554412979007,138,0
e679f6d2-c320-4843-b4cf-a3029c2b5e04,28,3,703.7447151476388,200,0
a3409c85-0f04-46c6-a28f-f43f5d88f5f3,22,6,240.13379750230834,17,1
181822e9-f79d-401c-84e3-9fbfb12a9eef,11,9,680.3225904084954,343,1
24161432-4aee-40f0-b902-5b812eb906c6,1,6,182.6871311167565,273,1
68cd4e7c-3b54-498a-84b4-4a8b5304906b,6,4,945.8862525844929,155,0
7e39a397-dec9-4d45-9afc-3430e9fe638a,14,5,825.6507077818901,242,1
e30378d1-91e3-4b3c-858e-338537b20d58,13,10,337.4336000753877,81,1
fed22028-2dde-4d45-a64c-4653d78b5f41,25,10,14.206912261735205,183,1
d07c6125-4101-40ae-bf77-3c9bb9e265d1,25,1,726.1252378934578,92,1
62d96b45-205e-44be-ba51-b86bccbcffc9,17,0,915.3595129277528,192,0
a15ffb65-da94-4171-adf4-9934a71417db,30,0,95.99082606342257,218,1
3f5f4ca1-16c6-4af9-b866-80b82dde7ca1,19,2,248.25933746231854,83,1
316eea9b-2007-4502-98fa-9fed0e93f5b4,6,7,415.1642212314015,305,1
c04a598c-1254-410f-b11b-ff1caa31995d,7,5,408.2099283476611,32,1
5ece926d-c388-4ed7-b87f-cf61a44e8fba,21,2,647.6388562968201,18,0
9a0f9be7-0151-4df9-b804-4b811025f2c5,17,4,519.0886937223871,100,0
10d6ecf9-e690-4fb1-bfc8-7de06614e83f,26,6,594.7826969616718,336,1
5a0892ba-163e-4eb7-9fbb-991684c23f89,26,3,28.30075435711976,328,0
5fdf2fb0-39e2-4950-8ff0-c978940d6477,8,9,493.5704074021672,324,1
4fcf0a2a-b92c-4d33-8597-77809522b98b,9,3,589.885104761099,52,0
2ca3062a-0a88-40e4-950b-a8ad5466a161,1,9,994.8529855521342,255,1
4ef34d68-65d0-465e-b428-563c053fb9cb,26,10,637.4495860889269,144,1
02282045-e783-43e2-9f1f-609c3d666d27,16,10,970.5702077046295,282,0
0a5db677-1b9e-4ae3-9f2d-d6c1c2a4796f,1,5,661.5591151590384,268,1
d4aa1268-72ed-4767-aed8-10e136ef3202,3,7,761.2685197624111,355,0
b3fc5c4b-ac9a-479f-85af-abf4ac319aaf,21,6,455.96601795037196,80,1
df54ca62-6ba9-4690-9b9c-d75eb48438ef,8,2,928.9311515895681,83,1
c3626b1c-d6d8-4d22-8b85-dc10026a928e,26,4,308.7383327278241,191,0
e99a9c44-f5fc-4a64-a8c5-866628bee74c,12,0,956.1311628863175,226,0
7e90c0ae-b9ec-45bd-8312-575520020dcb,5,8,113.89743606488989,78,1
a35ed58e-f4ed-4fd9-b36c-1f53ad9f0673,29,1,43.28257672530811,18,0
12299b63-edb9-48fb-b8df-be6831e8cca5,18,9,772.3335010388923,200,1
42010659-81d3-4db2-9b8e-428c2675ecfe,0,9,512.7655608304507,184,1
67a9019f-dc9d-45aa-8e3b-52d509dd0378,13,7,151.7920186918661,344,1
631e57a7-6a68-475a-870e-1257a570c3f3,8,10,605.0566642652002,207,1
19008960-cdba-4230-8447-ce719d136fb4,4,9,64.41363366576036,226,1
6ed9a442-da72-422a-94c0-1fd48e7a3875,8,9,3.006068809236373,140,0
4022cb2e-6bea-438e-8c7a-db535f4c47cb,2,3,462.87801787862236,343,1
212e5493-ee3e-4905-aa01-016fefb51ba6,11,0,559.9746282293189,148,0
953870b0-29ea-4ccb-affe-93bc1870bb9b,14,3,548.1044487886782,76,1
a6c61463-b8cb-485d-a63a-b04863ceeebf,24,8,76.52431494700795,86,0
09374afb-10ce-49f5-8df6-5ff862b6d53c,8,3,176.9541707253399,31,0
df9478ac-d4a7-4d4c-91fa-d1c1964d99e1,1,6,298.7189002133949,337,0
0d71a935-0edc-4ad5-9d16-8dea4d26d44c,1,1,640.1722788957354,59,1
c4038bf9-50d7-4e82-b1e9-d5abcb7b1250,24,3,436.351034272753,217,1
9df9c05a-7679-4db7-8b0c-3486f2c9f780,19,0,856.5531822461015,216,1
e451b16d-1e3f-4738-ae10-78c52bb0f916,22,9,76.21699109711244,105,1
e827a164-40dc-456a-a581-b6d24d61f31d,5,4,439.2226380964551,364,0
bd827fc9-1ec0-46e5-9358-cefd46a39910,23,10,769.2170973370777,181,1
eed2afe5-a5a1-4cb7-9ef1-3d4deeb89d43,23,9,542.7992261006964,121,1
8f7cd12c-43bc-4321-bd7e-8b432aa56434,17,0,212.3001937235024,323,1
bdb84c02-4545-42f6-99b6-5ac6a9c9a874,9,10,716.7982789736756,239,0
0de4849f-a861-40bd-94d2-695d6375994b,22,1,961.9386320275297,102,0
680c3899-6e46-4b71-b6a0-abd63f5a43ca,11,7,109.16237289513053,219,0
319d57ea-243f-4e6a-b706-aeb0eb79e6c3,21,2,23.918669488021237,282,0
e93a9a2b-8e4b-4f2d-b84c-e0bd77fc9b6f,11,4,317.01236197260096,255,1
67df9f30-4e30-4626-89f2-25bb8dabfae4,2,2,651.8753162565743,34,1
e6048159-8972-4f3e-b292-b799133d46da,12,1,680.4224607168588,99,1
29f8a8cf-ddce-4993-9edf-1ca9350091ef,20,4,138.79331866219758,248,0
b8debdfa-631a-443a-b4ef-fd44eb4f0281,21,8,677.4782970803485,212,0
4a629e38-75a0-447b-8b5e-20a43aaa3972,29,1,594.2871523460509,349,1
aa6bff7e-4aea-4651-a019-5c9402b503e8,22,9,771.9411696169352,320,0
1f730c3c-10fb-4d34-ab59-3880b064e654,18,5,940.7929509868502,65,0
99598e20-6938-4e0b-b993-64e5debc5b79,7,0,734.1584836477701,299,1
b7e0d4e3-e505-4e94-b2d7-fbcffb68179d,19,3,749.0131641812827,186,1
490012e6-db87-47f1-b6c6-4358ae7f98bc,20,0,644.3555663892357,211,1
6516ad5e-6e75-416f-bfa5-73e77410cd36,30,10,770.7622283621376,70,1
547531f2-0fd6-4911-9396-5bd08e9b5b59,3,3,501.91053015288344,103,0
ab78848c-046f-48cc-9915-bd1a0e698814,3,6,125.91527023204941,363,1
ef440098-a71f-4d26-9c0b-ba131b741fb9,16,2,627.6939823184899,229,0
0e566671-7c58-4b4a-a476-9161b5ce4399,19,10,616.691915824619,158,1
2b3f254a-c90e-4119-9214-03cf8e833a69,28,2,317.9485805846782,242,0
981ce31c-e2d3-4db6-8ea9-f23ceb344c5e,26,8,784.8687618224084,274,0
3746bcac-7e16-49b9-b56d-2adc91ec3980,13,8,272.32451648927315,312,1
d53d6071-0a4c-4a0d-b5b4-c367d29bf720,29,4,373.5188952999353,320,0
7f5e8a31-a81c-4dbc-a48c-9d54d5c95c7b,1,5,755.6402016216091,256,1
9a16e803-638b-4f2f-8b8e-1833b1858dbc,3,2,614.8132983528563,21,1
fe1e8e20-fcbd-462a-a6d8-3293bdf7ad79,0,5,145.27746652307417,198,1
b53b1d75-5c64-4eb8-b925-73713e95645f,13,2,512.6341994683834,253,1
a68414b1-1193-48fd-a2af-11599c65633d,21,3,361.83456182814035,194,1
40d94016-7fb6-482e-ae99-1b612f531e09,17,7,639.5577255458334,89,0
0e74364f-98b0-4524-9767-7e1adf75c562,5,4,355.5566516451956,47,0
d69a33bb-4f06-4f71-994d-6448193e79f0,12,7,655.4284909376695,19,0
d335b309-e265-40c5-89f9-a0dd8408bf5f,0,8,395.8398020246111,145,1
d90960a5-707e-42f9-bef2-3399c9f69efa,24,3,347.1910382912956,220,0
63a7a70d-c0ef-4d1d-8f85-65c32358d2a8,9,7,6.741240691458761,193,1
d5b6a9bd-ebb9-42e5-8cd8-aa12db743fed,17,4,991.356371973632,161,0
3dfbea61-e59f-467e-a681-da7e476d507d,2,9,559.7117595694389,356,0
bcf1c05c-8d91-417b-ba35-28233f0e241f,7,5,130.2952475364598,232,0
b4d80087-773f-497d-8ae8-abf663c0cbe6,21,2,678.1074245477034,251,0
394a3a48-c036-4858-b548-290d930a8b63,13,0,524.2762362243537,156,0
91b49888-6a2d-4023-ac4a-0e21c3d276c5,30,7,651.8144505720943,7,0
28cd3bd2-c9a1-4a58-bac7-b68152c17b4c,9,10,739.3283287813755,29,1
668b1570-b627-4c8b-943b-b0f4dfdd6380,18,5,222.96358255844893,9,1
2096197a-d7ac-4a19-83eb-257436b3b011,30,2,975.9454582733559,90,0
2eda9e79-cdfb-4719-88ad-0515ede9a899,0,10,388.4580105687673,48,0
c2ee81d1-7799-4ae3-820d-d1252c275fa1,10,4,175.50757806864914,289,1
f0461e15-fffe-4d89-983c-9f84cd9ac832,1,0,972.5308356601515,135,0
fcb24560-c2ec-4547-9379-7eab82d91cd8,8,10,470.2003316365908,358,0
6da17e06-203a-46b6-b622-c573ee054524,30,3,514.3425109854372,202,1
cb34e5d1-2045-4940-9909-63950c9a4da1,25,5,350.9416446643502,267,0
2e05dbf0-b120-47c1-9242-606b3770d0a2,12,10,17.342677284139963,342,0
fd1495f2-8bc3-48a6-96aa-b6e5d640a537,11,8,617.5802758985677,324,0
52da778f-aae4-45bc-9747-043a1ca02031,19,3,421.40376178718674,52,0
f04c3cc4-b112-4475-a4d9-10a9f56e1c58,8,5,303.36720050201336,43,1
1274d8fb-f6d8-43ce-930f-5a7603690362,19,2,953.9638737816317,99,0
2fc1b14a-cec2-4367-99e6-653765da417f,17,0,196.22059540920856,312,1
884afbde-7673-4bf8-bb1f-74d5c07d4d36,24,6,396.8924472273635,190,1
87879e31-f078-409a-96b9-0b4eb8111102,25,4,60.96187805905695,11,0
4183557d-a869-4402-b8ab-23692fa92e1d,26,7,764.2990025794272,333,0
071186b2-7a4d-4d9a-9e53-debc4bbfb617,19,8,480.2218847836465,9,0
69588233-250c-4a39-a855-0e7810e73e66,24,2,753.2599034036858,356,1
94544cf4-b67a-48fc-ae8c-4afe73d0dde4,1,6,313.2352640192257,106,1
d45e108c-842c-412a-9c61-ada5b02d1ce1,15,1,591.6697954571738,235,0
1055a201-6958-4ded-a36c-f13b19a409f6,7,10,694.0855878683074,245,1
6c5687d4-6f83-400a-839c-5095647831cb,21,5,463.8266752068462,96,1
fdaa7ce7-910d-46db-8496-08929a779aae,0,8,12.454715755000233,97,1
831ae098-41f2-415d-8712-1a4d14023f59,25,0,231.56050323355794,236,0
188a40f8-c8fd-42c2-ba3b-bbcb2cdb126d,25,0,953.5318461570598,323,1
b737db5c-0fc3-44ee-a8f0-63a15d050619,24,9,332.06726851150603,51,1
1868c4d7-ee5b-4deb-8e2f-f8f04589c3b5,28,5,475.3415735353418,113,0
1ae3ead4-9e86-49db-9872-71b6075e10fe,19,5,368.0744446717792,281,0
52e25c57-4493-422f-b3fa-b4e304fb9ba3,10,0,608.9753765026949,289,0
b44daa96-6f93-441b-b48b-dd357b516c11,28,5,838.2307394513581,299,0
916bdd2d-d68e-4aea-aa21-5c572ec6f40f,5,0,877.5175208231931,62,0
188bcd53-8b75-4d56-be79-b20e62503511,10,5,835.6772419340383,285,1
1bc407b9-be05-4c24-b9fb-f7510771cb83,4,8,368.1662405324393,356,1
d08497bc-7707-4393-8133-bb5fc1251a7d,7,9,596.167364959161,231,0
480b980a-db86-4500-b89e-0fd82439eb33,30,4,785.5766727268019,177,1
17b9bfc2-bbcf-4ad7-9c5a-41aa34ac2836,21,0,304.9015283633003,201,1
32b11c66-0be3-40e9-95c7-bf5366804948,10,1,284.34399662174735,297,0
d0eb313a-a4b8-4125-86e2-5a5851e158d8,18,0,198.3695256416058,6,1
3d5ae230-93dc-4f5e-889d-98f1d77cc1bb,21,0,364.4616317829237,364,1
89046f43-96e7-4a96-bf09-8603ad01337c,23,6,452.30239085399205,64,0
ee2b4703-1ba1-4a96-b80a-d7f6fb0f23df,19,8,137.86727269786127,101,1
adf88f87-53d6-4716-914b-71e67a6d51dc,20,9,691.8855690395264,54,0
1a6afdcf-5bbe-43d1-8d0b-3b48d528094f,0,2,551.3025762299358,280,1
2713fcf6-358a-42f3-87bb-02d4e66d191c,9,2,112.14987638016282,2,1
41dfc7a6-93e1-41d9-9e39-4e224374de16,1,5,627.0664133735877,12,1
b8dc9095-8de9-4856-8793-b51eb33f1346,26,0,139.68789606584986,331,0
9500da08-4ac0-4d54-a05c-8f4b061fecdc,2,10,757.0421213432047,331,1
a1f505ad-f295-471d-993c-8e7f5c1790a0,30,10,349.4281246745997,209,1
26657dec-f017-4e75-9942-754354bf047e,4,10,461.8113959086504,127,1
143ea29e-fe7a-4d92-8f49-fcf4367251d2,7,2,385.684393647418,148,0
476039b7-a147-463f-b049-37fd60c2a5c8,3,2,554.4674137575759,69,0
13e5a696-3076-4597-8d40-c4390598a29e,12,7,248.28028596304995,350,1
93c6620a-1de8-4029-975b-577dfbc90b37,8,4,549.5235194758035,155,1
028bf178-5601-47a3-ad23-dbdf0cdc0fa8,14,9,8.56531417905737,145,0
28b4e296-9042-44ab-a110-ab028d1ae6e0,28,3,106.39339187191166,358,1
d8c92fdc-6ed9-49b9-a6f1-98cac7c5f74e,22,0,203.50466610209082,208,1
0c65d94b-2f3b-4629-9ad8-db0fa694f3e2,12,4,651.8484463759903,108,0
e1eac44b-2071-463e-9780-40212277f897,15,10,753.3976503476637,148,1
860db3df-8236-4f88-993e-f81b618c3fa5,25,9,737.6500806609367,43,0
156ae5e3-3c5d-4e03-9388-cbeb9aa9dbda,10,6,40.22094512551699,251,0
a34100d8-7be8-4ab7-ade3-1ad58cb665d7,30,9,975.0939709444751,211,0
665c4f7c-ae1e-469e-8bdd-f709f8d73c71,9,5,522.2288814209475,266,1
2a42311f-b4ae-4ee3-ad7f-9c2be664d773,23,2,317.10710796048215,252,1
716c9137-4ea1-4bde-b421-7a5307c9af6b,24,9,967.6620667184638,293,1
13899fb8-7760-461e-8d17-4fb875f88f06,18,4,85.54034138502765,299,1
d9edaefe-49c8-4b9e-aa54-a926a893c3cb,21,0,627.2764266755692,28,1
fd266ff0-6af5-4263-9d2b-fe20fb766365,8,0,829.1631384423606,20,0
3292f70f-8166-4ac2-8909-e2c81f59e387,30,6,568.0122713223114,111,0
f97a0e8f-8fe6-4e9e-91b2-c4b6b0ae9724,28,0,202.36229987415953,31,0
6a3e0a32-8a80-479d-af4e-19d42075d1fa,29,6,11.720177931912158,67,0
d6045574-bab7-4435-af2d-51114ff26c84,25,4,862.7155866504035,278,0
4bfbf8cf-f808-41a2-abf5-706dd8430306,7,3,522.4883847329086,348,0
aab5c03e-0a4f-47de-9091-999f78614a3f,26,2,295.21554387824676,121,0
8f12e693-0df4-4d79-9e94-db082ae28480,30,2,86.40644223211625,243,1
d6c47909-666f-429e-9bdd-dbcc0fee2fbf,20,9,257.0413110987838,72,1
1015bab2-7601-4067-891c-71686ff5df8d,9,6,193.44075223909817,89,1
a9203af8-d3ec-460f-a4f7-db46d03cf6c4,28,9,452.2058499688654,191,1
07a9e82b-c166-44b6-85db-c15b8ad174dd,9,7,924.3122817915679,92,1
9ab89981-cf29-4f24-ac49-53fbe8b3a29e,4,7,80.33372732763667,192,0
e519fea5-d78a-4873-8323-ce85b1d5debe,14,2,133.8885488134034,343,1
c717a376-c6b1-4958-8424-7ef56f7ea15d,19,6,573.5042006922295,266,0
df0db5ee-14cb-4b44-aa7f-e7de7d493825,10,0,199.98327817598204,12,0
1f8d2876-3e33-4a55-90f6-63808e21286b,2,0,456.781707939954,348,0
e3a7d036-9821-4be6-bae1-e7d01ffb59d7,16,7,459.74240317798984,201,0
49c2dd8e-489e-4fec-9c32-a1bed9a663e7,16,6,467.8480106070625,335,0
cd88923b-50d4-4eaa-b748-b492a21c309f,16,2,575.6765046375288,36,0
009e6f88-fcd0-4b90-894d-e80bae2f46be,3,5,684.2691039618968,72,1
f8fcbd94-91b0-4841-beca-a7aecba671f0,26,5,477.33914076000315,240,0
2a765981-8d76-4b37-8e50-63eb5fabaee6,1,5,783.4492870143766,318,0
a1900c21-7b49-4631-a6c9-2e14ccb8ec70,25,2,376.38720022071806,353,1
09d0b26c-aca9-4326-a795-78fa9bb9b35f,0,4,543.8788984368621,12,1
747b3ec0-bfae-4faf-9d94-cdaebba3589f,27,2,608.383651769846,100,1
5dbee761-1b2f-4342-86c1-f4652dd4040d,25,1,488.25544639603226,133,0
21bbcebf-ff38-4df9-912a-e2d1715d539a,23,0,367.76816709557727,270,0
25cb1c51-ecc7-411d-a325-a2e8a973bf02,5,9,887.2186888329486,346,0
65ea7dd1-4791-4df8-a193-abcba0dbb3c4,9,1,616.682323398185,275,1
7c289a6e-fe86-485a-ba56-1213fdac3f29,12,9,944.4687858898686,154,0
57ba0f9c-bb1e-4897-82a1-21f9f29372e0,15,5,193.42159255832868,349,0
c60df4c3-c11c-430d-a82a-3e32a0878cae,7,8,528.0901751297488,290,0
af787ef5-b11f-4648-81fc-dcfb170a8de7,21,3,325.36722425980633,190,0
600fc9cb-782a-4154-b8ca-0d2f1e4f2dd7,12,4,14.266186920040337,159,1
38fe8ed9-d8b1-43cb-a317-87b56babcaee,26,1,849.3911004856433,150,1
6f4d0149-b1de-4df5-9645-dc4a6955a3cc,18,2,659.5135055514802,251,1
035f45cb-d57c-43cc-92cb-d97c7414955b,17,5,233.29405386922554,289,0
7912d89e-b335-46f9-8c6d-1dd1528b7ec4,5,1,285.32970228772956,292,1
9836cb84-8c78-4f56-8333-6e8dfe9dd56a,27,2,119.3752948271487,22,0
bad83a57-1e26-446d-88ee-80aca8a34da6,6,3,687.627300960295,157,1
0d9370a8-9b32-4178-917b-ea64c641d554,11,3,969.1005532508459,210,0
1958f2f1-c764-4e83-aaac-e6bab0df4ff7,3,7,845.743820130512,100,1
3f13eb07-8a66-4094-8dbb-c3d318c5cfc3,29,4,310.89598136916663,159,0
6f4f9443-d9fa-47b0-b94c-719a127a4c95,23,10,542.4242040701452,128,0
e3379935-8769-4709-afcf-0467834e1aad,16,5,386.30315382801706,26,1
de86f82c-f4bc-4431-91f9-eb5fd67c06ae,24,0,459.75980057990586,214,1
74904865-a7a0-4b0c-9e47-6f2c0b6e04be,21,1,451.99225327449653,113,1
3eb60b65-cc41-4552-ab5a-58e6cbf4a401,5,0,199.05347102374915,134,0
d7add69c-14e0-47e0-a29d-afd2ed0b93a9,18,1,733.7323690534788,99,1
b65c0c25-1200-4df6-bf44-c97ef92811f2,2,5,198.37915096223801,28,0
9ac9a9b1-6df2-4f4f-a232-175e9219aeb5,0,2,880.2593595397697,174,1
0460bef1-e4ed-483a-84c9-9337fb527440,17,5,185.60284103755143,349,1
b39510a2-c85e-41f4-8bdd-af0ed281930a,10,3,6.012196447280238,140,0
12911e75-950b-407f-9a4b-24ddc8898d76,12,0,261.7437895791492,343,1
f8ed6d71-9df8-41cb-8242-d82857859ce3,15,3,182.50244260816152,317,0
2daa7379-c5d9-42ea-9846-bfb4fc2f8141,5,2,388.8118166524807,343,1
74d7784b-d29a-47ed-a2e7-079b1fd4ad1f,11,10,422.9273956908425,346,0
1f9fbf03-ac0e-4811-b3f1-7262167784f5,7,2,655.5120649835719,262,1
d4055ccc-22b9-41c4-9fcc-1cbf5856ae86,5,7,544.6457559566429,357,1
2735c7e4-633f-4576-9d37-dcda624e68e0,25,6,161.4624150927768,207,0
f43f6c80-9a62-4af7-acc8-e522abfc4f11,19,7,863.2606191357186,260,0
45443180-8f1b-4273-b3d3-d7e4f7e315a6,6,10,285.42378232181784,26,0
b51ad270-3871-4a71-af90-ef92afddd496,10,8,559.6116448867962,365,1
7a5f6761-cbc0-440e-ad2c-6c6419694a98,22,5,336.08422274993967,181,0
da672855-a8e3-4e2d-be58-56a372666b6a,29,1,971.4670834636121,170,0
5740def6-649f-4c62-a39f-5767e68023b1,30,5,56.648677096535316,81,1
f637546d-3c8b-4c59-8fbf-743609bd8331,13,3,708.2829621911605,199,1
092bc8c5-0554-4b90-bc78-84b99e5dafb8,4,5,820.9846347699374,108,1
c4ce96f2-77a6-4738-baa7-2459a3017763,13,0,623.2453944866841,179,0
d50f8e4c-ffda-4f0a-a34c-e9c450147084,8,0,361.3790971642765,148,0
d38e963a-d361-4518-bec3-d0594b80e7ae,21,9,113.53293056938085,292,0
3fec1153-96cd-415d-9687-1971b106d868,30,10,610.1939776620718,354,1
a1d7bf21-df4b-4954-aa76-3a86ec16e523,4,10,209.68576450268938,157,1
6a1a3153-ca71-4bd7-9839-f77045fac7c3,24,3,49.63176843958883,177,0
668f0b5c-cc19-4339-a046-d29f179b5b2d,3,9,193.32372726884552,261,0
615f54b4-1563-4158-9ec7-8e0f96652d7a,30,5,558.2745176566871,83,1
9451c15b-26d8-4870-9f88-bac2b80c197a,27,1,977.1642546554657,236,1
5390d786-2cb3-4b80-a285-ced4102831db,29,4,264.4547150948882,287,0
248081fd-446a-45ad-b37b-359ad673413b,18,6,582.5973468859019,302,0
c662d496-8365-462f-a102-5b19d6bce012,1,3,260.31354104737983,306,0
6617276a-4890-44ce-b035-7b12b30fd64d,2,8,927.7073068184366,264,1
3b03c8eb-0636-483b-8820-d68940dbff6f,6,6,449.83933369072514,257,0
df6518fa-eea6-4ce8-9e4e-f9d64e539f67,13,1,538.636454711709,9,0
06716d80-98f9-4f5f-8a32-093dc6d690b0,20,5,415.4258712396771,71,0
ae4b7ab9-d089-4b99-a803-b3bcba7aa919,1,1,944.6984670495779,155,1
58c1192a-d81c-4968-b32d-09bd2a6a8eda,26,9,582.3502379703345,311,1
914b75a1-9a66-4186-92a2-4e071eaf7574,23,0,930.9692646372818,334,0
062432fd-9a63-4913-b64f-ce926b64e390,28,2,615.3569952873748,183,1
8843ece2-68b6-4d84-bbcf-2db8a57c7e53,14,1,222.91326475118333,172,1
b86c4027-2d79-4653-ba8f-27d5aff8243d,2,8,828.806431659834,212,1
c78fb6fa-e43c-46a9-9e16-432892d1c9b6,24,4,55.30789783389201,92,1
86b865d4-d1f6-41e7-afeb-7996d9c7f51b,3,0,165.32185085946128,363,1
a73b2627-f478-42cf-bd63-cf28bf863776,17,2,373.0561032429766,100,0
57251cf4-d10a-4831-9c37-06608ae7a244,17,10,139.9794633229593,169,1
c5b4286a-3c93-42c9-b396-658d43358bf3,24,0,993.886887466779,61,1
1d6c53ea-4991-4163-a56e-d9fb4dca8218,15,4,894.5797138170377,40,1
53bf64f1-cc69-46ca-9c1b-342fc0ac7148,11,6,484.6364168265475,276,1
ef0cfa86-51c1-4a6e-9724-aad62f4810c6,20,5,780.7414284252785,260,1
9da29edb-5bb1-4f97-86aa-757b7178dd33,20,10,183.67004238883456,318,1
f0f299eb-34cf-4912-8d61-f10dd7b8345c,4,0,474.4351182172781,332,1
8bbec19c-ee0e-43a0-b090-f6d6caeb3a20,11,8,844.9850262077514,344,0
a3d71859-841e-446b-9e52-29a5717296a6,12,4,507.86114638956934,3,0
c6b23c83-18bf-410d-bf83-d9854a3fa96e,14,3,402.05059641988186,6,0
6a4d4354-83c5-4e58-b420-65e76629d647,22,7,383.8586753837382,40,1
e4d7aaeb-576d-4394-8673-5cd2f2ddb0e6,6,7,384.46260984477954,151,0
5e13459a-3840-435c-8be6-c1e5cd0e00a2,2,10,790.1076159456035,229,0
f35a4724-e354-495c-a2c2-8cfb5b7f7306,3,6,465.0270789309746,173,0
0fa33cc0-a2d1-4b07-a488-32699de6a00c,7,4,726.9951398202912,218,1
17ab3506-bc3c-43a2-8544-cd49c2fe7aa4,3,2,292.6456208839129,76,0
3b9ab098-1a0d-4987-a501-e0f79ef66bfd,1,0,111.52011588683098,102,1
3ad7a027-2a30-4e7d-9610-95cc4ad13442,12,8,697.5614048231064,219,0
32b89b88-e181-4bac-bbdd-28478e716776,9,4,246.83907033801512,283,0
0df884b0-b5d2-40c8-9998-052afdf20614,10,4,262.8008906361383,87,1
50f149f8-cbe9-4520-8876-e1218bdc4b7e,28,9,618.1335736144496,46,1
f4cf790b-8d98-448a-a0b5-c079f7be3aff,14,4,912.6267189366641,295,0
5771057b-f9bf-42cd-8821-0d1c0b3d80fe,12,10,61.623493345398515,50,1
af0e8623-2cff-4a20-9705-568cc2e6907b,6,10,588.9018835494312,344,1
66e54c8c-07b5-4dd5-b57c-bd3cb71557d2,18,8,151.01852136521333,254,1
7dee270c-86fc-46a5-a09a-2ee501ece3e9,26,6,763.9066792337716,283,0
c16a2b1a-66d7-42b1-b8a4-fda0d1f576a4,9,5,687.2999470542151,71,0
8126521c-8db4-4363-b700-5c3bc99922c8,3,1,9.605182849431127,188,0
b48a7a60-951a-4e67-90f0-68bb72d9359d,10,2,752.9331373087521,26,0
7a1b96cf-c107-4fe9-bb5d-8d722cf0c5f5,14,6,399.42829541055505,16,1
12812e08-ea0f-432e-bef8-65750b1d3021,20,3,320.3206462893545,295,0
e3f6a263-f643-4640-adb5-77f34bf0af05,5,7,501.0909159667205,203,1
15593ace-fc79-4573-b8db-01af2caec44a,6,0,152.51466212801856,33,0
59905551-316d-409d-a9fc-7646e308596c,14,3,687.5088814965434,365,1
db1e96b9-28d8-47dc-a5b5-dd39c2da0fb4,15,5,967.6796694200111,64,0
4889d2c3-31a3-4188-8cc2-9cc000964d1c,22,5,806.0182696898755,29,1
2c18de91-e0ef-4422-b05b-7c66d3fc251e,27,10,216.70503574154188,108,1
301c6d8e-4175-40fd-a8f5-270e24391faa,0,1,358.34843184488096,16,0
50ad5802-7682-42fc-933b-5bee9c9e9465,20,9,293.9161874737853,333,0
c4ec71e7-cc2a-49f0-88bf-30ee90d65896,29,10,425.4532864083974,206,1
0a823dbc-75b5-43c3-9330-f7dadab77e5b,4,2,366.90001908170586,266,0
2492ffee-7b3b-4f34-885c-a62d6607f440,18,4,322.98188559908544,20,0
4b3e4de0-66a5-4b99-acbe-b42329e7d0da,10,10,341.85778477207793,102,1
c85be139-8a31-4023-9521-02629125fa41,9,2,172.6317323173846,179,0
5131c4b2-b228-451f-b31f-af15d0500e42,13,9,3.937033046398808,109,1
a23353ca-0890-4387-9215-807cecff49ad,23,2,62.10502603244139,192,0
0d915ad4-1419-429b-b9de-c781ce0101f2,9,0,115.77221167088614,171,1
9920bf24-1df2-4397-9fa7-ff844db22b29,17,4,260.14125392601073,271,0
296b8d95-c5cb-4aad-b819-4ed446c9fcd2,9,4,411.28995127619703,234,0
4274bc58-c4df-4709-91c3-df874361e025,27,6,428.95885278296265,350,0
664cdb0c-76d8-4191-af1c-ad0ce64b631e,20,10,998.7438756503427,332,1
ec5530fa-7aa4-4de3-ae4e-a4df8fcda880,3,9,634.9939454596904,178,0
0aac20a4-c607-46da-b05f-41c48abd0378,4,10,695.3265540221927,123,1
2ff951d6-7fa8-46c7-ac2b-1196bf775c0b,19,2,555.2438817677952,148,1
5f3aa355-8eac-489c-9784-2485baa9f564,11,0,695.6087908375837,56,1
4fa6c1ca-ed06-466e-9872-0345d40d70ab,25,6,310.3093139443858,139,0
519ad1f0-6a99-414b-9ab5-aa1a56ace904,11,4,974.4837069768218,318,1
ddd236f6-80e4-4ff8-bf8b-f15d8394bef7,2,10,292.4149232559088,136,1
462053ee-3a7e-4b9f-b0d3-ed74c013229f,10,9,302.05197473940035,48,0
19e3c76e-18f9-4d39-9739-e23bf4add7af,13,0,323.4129323701158,8,1
e7455abb-0e8a-4fd8-b605-d17be9b05732,17,9,685.516056479206,106,1
01fa5686-03f9-4cb9-b7b1-3b4d3bdd61b8,3,8,71.17385803533128,207,1
dc30f0d6-218d-45cc-851b-949ba2521539,21,7,509.0889467007572,347,1
fb470a0c-3bf6-4b76-a9aa-67c6d23acb57,18,6,204.67490844894832,171,1
d913098d-cf30-49de-a999-187fef1a6890,2,6,500.84331853846476,7,1
cf50eb89-026d-4529-9adc-094c182420fb,11,5,656.3502338961817,162,0
4c52d69b-e88d-4a36-8a42-94fee3736754,27,4,305.24831646396956,102,0
8aac2d29-fe89-4a74-8ad3-d3cd2d6b37b4,17,4,573.6631692623728,148,1
08d17ac9-8544-464f-a6db-f41f0ee219a2,18,2,730.4524748217608,151,0
4a0b7079-d9e0-4644-a299-23e8b7207c8b,26,0,920.7111426697562,258,0
5db7bb69-3781-4907-8e57-eb97b0d5ef6a,12,10,345.60356888945466,120,0
a4b81290-a379-4024-801d-b9ce4ad0b4e1,15,5,48.27788769738539,137,0
d296eb91-eb98-4b1b-9cf7-3feabfd32e11,21,8,348.7830089367674,193,1
ad56ed7a-25c3-46e7-90f0-9dc6844529f0,0,6,21.16989637298039,328,1
7e5c6791-9df8-4fbb-95df-de71de0623fd,4,10,126.62385132023546,113,0
38089fe2-a86c-460c-8575-955044e7e9ef,8,9,601.3539984962292,276,0
872da639-39b7-4c3a-8195-cca316ad4c19,12,1,295.62892475752176,12,0
b15b233e-c1d9-40ad-9863-6379cd74a3c8,26,6,876.4434940416361,191,0
3cd5df19-fdb1-4c97-b515-ec052ae4693a,10,6,896.7121932945116,325,0
f64b035e-1bea-42bb-8bfc-412ad5639ef8,28,1,183.72083193910603,65,0
df8290b2-8db7-41bb-91f5-e60ebb57c708,25,3,88.8603365278341,272,1
68742255-9f8a-4372-a490-159331f298bf,3,1,477.00062063318893,189,1
7c3dcd53-2ac5-4998-ae95-17ed2d0accad,30,10,573.5391776407719,323,0
f070647d-63cb-4fee-b42c-e9595d6e8ddc,2,10,576.6199648796817,210,0
d065f254-8a1f-4915-8ef5-9706b16d505f,14,9,244.40429960549903,304,0
15284d1b-5ec4-46d8-a1f4-4fed6fedbd2f,18,5,508.1257163516414,127,0
fa9e5ff3-d948-475e-b5f7-ca9aa24da330,4,3,124.2141690806644,158,0
e01cde42-4941-4c97-a049-589de9f7e85a,19,0,435.3217766958902,330,1
2b3b3309-95d0-466d-916c-2d0fac5f1d6a,21,7,283.98038938334537,269,0
f4cb16fa-4d10-4bf4-a937-11b2139a64f2,19,0,198.9328585712097,97,0
85fe7a4d-7da5-4e0d-96a5-7d795854bf7c,4,4,98.8334075200794,267,1
350050d8-4e8c-4c01-a590-eac94ebd5fec,29,6,625.5860295301391,357,0
0db171e6-1abc-4dfc-ae34-a950ad8d5e19,23,2,421.1873049797431,13,0
a8bbef0d-f09c-4d40-b8c4-b500cf805a31,2,8,404.65955592007174,150,0
16a0dbb8-2c22-4821-998b-8fe775643676,20,4,19.02134397796329,165,0
4d7aebdf-6051-4668-a9d6-71ee7559f87d,17,8,372.7227180923979,136,0
3fd3ae00-a6f4-44cc-ba5f-230b8f474dde,2,1,428.89007807699676,352,0
3ba37ba5-5f24-4126-b194-71f8328ab945,12,1,138.38174529213364,310,1
261d57c2-6ed5-41fb-8024-21b23e20239f,29,7,23.08572004199494,54,1
932c8339-909b-49ce-a9f0-828c818fcd41,20,8,796.0383503261124,350,0
169a0e9f-4181-41eb-b323-ab3428f277ba,3,5,259.4669313575462,242,1
ebd84f6a-ce2f-40b8-ba0e-8132010c1cf1,29,8,470.59665258814033,240,0
7d28ee5a-0fe8-4fc5-8885-3639a5302c77,15,6,842.1650613410319,27,0
e27dc13a-d666-4186-87ba-7de019953c0e,26,4,893.0723702469717,94,0
cc72934c-314a-43e4-8526-868f9edfbd92,23,8,27.24100566660792,141,1
f6091cf3-f232-49e2-8a51-f10d1f59a21a,30,0,506.05216423654366,280,0
762b47b9-6bd2-40b0-91e3-7b2138578a46,19,8,819.8308424992033,29,0
19eff8d0-dddc-4c5d-81bf-c6a86adbbbfe,3,1,266.1354228420286,237,1
929b3f03-1c12-4f24-9702-d2cc9f07fa14,30,1,54.56356429281328,37,0
1498008e-7473-40ba-bb51-9cb466cbcd7f,12,7,60.675723567449545,219,1
e279faac-1685-48a4-ab67-d51c698dc8ae,12,5,946.8153239956451,153,0
16a73bdd-bd16-42ec-91f8-7225f5684f8d,26,5,376.62235238278487,291,1
d8d62343-bbf4-4087-a5e6-1024ef16b142,17,6,582.1969484837078,85,1
930d6fd2-d513-42da-8a94-ef91b652ea4a,26,1,470.8007716515895,88,0
289c76a0-7fe0-49ce-979a-02e7edde3d8a,3,8,177.80321679880316,294,0
4d51a633-d9b9-4beb-9f36-e6b51a3b7d72,25,1,31.817636649209113,301,0
dc870b37-7312-41b3-8b7e-634f05c56663,12,0,941.0068105790567,328,1
febf4a0c-49fc-4d79-aedc-e49edb3d7f20,9,5,169.23575071762588,276,0
d475b00c-c8e9-4c0b-8c20-cb81171926f5,1,5,414.4935773819968,23,1
1d3eb56b-bc11-42a8-8db7-7aee66a26364,1,3,878.0256499261907,316,1
4ff71822-661b-4829-9a0d-4e01f4aa2700,21,10,86.62614030998483,181,0
6ccf3938-acbd-4409-9681-6ece7d7c59e0,1,10,693.6926565929928,160,1
02e41446-cbe8-45f3-acfb-4959240753b8,5,5,127.63392906303572,130,0
c05d8d56-52b4-4825-83d0-825ffb18c3a0,14,10,167.00941480844622,350,0
c5b979cd-15b5-4b8e-9fb1-afa03a846650,12,9,423.1925709610953,106,0
da692471-553c-4ae0-8c45-6779876ebbc9,22,10,887.1554717273109,200,1
8485500e-7954-489c-b55d-e394f2d998e6,11,10,73.07783035060878,36,0
bc8ea03e-c1a8-4741-ab5d-417a20e35ca9,15,0,781.3206266074958,42,1
13689010-e86b-4db7-9e08-51d37d705955,6,3,651.5438930890151,206,0
608f285c-cf27-400d-a296-d96c5f9cf89c,3,6,978.8063557598509,129,0
106b223e-5587-4280-a542-fae5a387bd08,11,8,542.6193244957428,144,1
a1dde2a1-c124-4ea6-8432-05a8f63a77f0,23,7,800.8670719337563,298,1
80144290-7b74-437a-903c-0566fdbe8e29,17,9,473.03151061751305,136,0
33c01b78-fa6e-4c45-b01f-ceb0446e4269,16,10,799.7131369749159,252,1
768bcdfb-1300-49b5-92f6-bf91cf9efcee,0,10,173.35224235574253,114,0
9c9c3fd0-2b0c-410c-a578-312f30fac1b3,29,4,926.9769234812746,65,1
c2f7b38c-8876-4932-bc3f-5a623e9dc94d,2,5,925.3590649089645,221,1
f4a2355a-7428-4ee7-8661-1bd8068a525f,22,3,28.041130632448063,334,1
2f8f7eb9-4429-47f3-ad14-909cb8bb7e8f,17,2,821.1996632656268,320,0
a35efcf8-777c-4c64-97d0-e7be78e4f1a8,8,4,134.50480426069146,65,0
383a14d0-23c0-49a0-86ac-a2a842d4efd4,30,5,980.4791015939676,81,1
a4aea861-a2bd-4a85-9e58-2ed688c37329,12,0,855.2300903910992,258,1
36095ae6-a177-4642-9023-639a506ed32e,30,8,863.3847094595807,267,0
53ab9068-26e1-4b12-9ee7-d0094d3fe7ae,10,8,295.0546860858565,118,1
46b0fd68-d4ea-4de3-acbd-b4b3e241021f,16,1,577.8732436829072,200,1
8d407286-c04c-43cc-ad9c-5ed7867f8be0,7,4,992.5311981789954,24,1
993f586c-3dec-47bd-9ef9-f6b78d17bc6b,4,0,696.0686784198923,289,1
7fbfd4c5-b51b-4621-8908-8d721633c482,17,5,267.0783185622497,128,1
6027c1dc-af2e-455e-87f9-602bf14318c6,2,1,722.9909666338315,317,1
a387989d-0777-4227-a352-adc8f9094d41,18,8,654.3366403975117,151,0
b95cbab7-8ca4-42b0-9947-c03322433a61,4,8,190.51709407831973,295,0
4dcfa179-b1d0-4cd4-b0c9-bc8f58b466cd,30,8,177.77465385078128,21,0
ab5df2d9-1e53-450b-a459-7de520c96fdb,20,0,672.5759204266807,151,1
4e0eca18-4237-43fc-a299-5384bfe51973,14,9,324.6128414970779,331,0
0b9bf233-67ab-421a-8333-186e716f0cb9,16,7,997.4329348486175,289,0
f2e6d9ec-33bd-4857-afff-8a19a4be11e5,2,5,736.1813461780476,273,0
d4901df4-9da9-4946-bde0-3069f3e588b6,25,4,414.2042924486529,110,1
2296d16b-d613-43fe-97f4-4e898de53578,11,1,367.00684278500563,132,0
06b189af-8ac5-447c-a019-4e3fb339f32f,12,10,210.7709778005441,233,1
393e7cae-8e2a-4f15-83e8-722d398716e4,24,1,987.4663645195013,71,1
4f4a9001-1445-481f-b2f1-822c05577714,30,9,202.23707137376877,181,0
386e12c7-87f2-44fc-b8ec-a9f0eec79a5f,4,1,77.04598723885292,150,1
e343c907-9622-469b-b5cd-f24daecc0c40,14,4,324.89454661351556,73,0
242b04f6-ba8f-4ca0-823f-9e1a82e53e19,14,2,161.56932256544522,320,0
720591ad-84bd-4ed2-b372-ac40e59731b3,9,3,211.68547869185693,1,1
015bb774-d711-4136-b58d-3e52c8f5ea0a,23,8,825.1564087848839,320,1
f642c87c-59cd-4ef8-ac83-419259ad6cf5,18,0,46.7468393844116,58,1
204f3b74-bccf-416e-a16a-2fb806853143,27,6,710.978199377634,279,0
c88a8b40-ac73-49e7-832d-b2c4e6298616,19,5,786.522775776421,194,1
011cf963-2a02-4bc6-90c1-5f878f775065,15,10,837.7476236007212,195,0
37f8df87-c2c9-497e-86b0-fe62388a9e73,3,7,163.93688996375354,264,0
9dd26aa8-0a67-4a21-844a-f57b740e500e,17,1,3.273372955708398,188,1
e0d8f1df-eeec-492a-862b-d7c4167698b7,11,6,985.8842789015016,169,1
c76de2c1-f1ad-46fd-ae36-b8c2a15e19e3,15,2,634.5666020595786,72,0
996241df-058a-46d2-b492-7f8df8064e70,17,2,380.846625700396,328,1
9c7e2957-fdd0-4802-8c28-c3ac09eda254,2,1,101.0727199632131,136,0
6ef1461e-b0f2-44b3-b8b9-64ef71aeb43f,15,1,21.157189575987555,291,0
01417efe-c99b-42ec-b361-72c8aef7675c,29,2,815.1107665058321,11,0
40a42a71-f989-48b3-90a8-e5dd4f014f6d,16,8,411.4014615406496,236,1
f8dd5b9a-e1f9-4271-a142-ca1681ef67b3,24,1,961.6716860053486,228,1
033e7d77-142a-4f91-b2e7-7f646016e25f,2,2,114.52284967449688,31,0
4f3fe9b8-150e-4952-8200-44277f14ac28,5,7,536.0096616627146,8,1
fff3ef32-435e-4f9c-9efc-2c92d00741ed,21,4,550.9601764076557,325,0
5b426b5d-2b0c-42cf-a3ff-3fb189a1a896,14,6,261.2940170001838,245,0
